question;passage_id;passage
Jakie instytucje są organami dochodzenia w sprawach o przestępstwa skarbowe i wykroczenia?;1999_930_133;"§ 1. Dochodzenie prowadzą:
   1) urząd celny - w sprawach o przestępstwa skarbowe i wykroczenia skarbowe
     określone w art. 85-96 § 1, art. 98 § 2-4, art. 104 § 2 oraz w sprawach
     ujawnionych z art. 104 § 1 i 3, a w sprawach ujawnionych w zakresie swego
     działania przez Inspekcję Celną "" funkcjonariusz tej inspekcji,
   2) urząd skarbowy - w sprawach o pozostałe przestępstwa skarbowe i
     wykroczenia skarbowe, a w tych sprawach ujawnionych w zakresie swego
     działania przez urząd kontroli skarbowej "" inspektor kontroli skarbowej.
 § 2. Organy, o których mowa w § 1, mogą wszcząć dochodzenie w sprawach
     o przestępstwa skarbowe i wykroczenia skarbowe nie należące do ich
     właściwości; po zabezpieczeniu dowodów przekazują sprawę do dalszego
     prowadzenia właściwemu organowi."
Jakiej zdolności nie można pozbawiać zwierząt używanych do doświadczeń?;1997_724_31;"Zabrania się:
   1) pozbawiania zwierząt używanych do doświadczeń zdolności wydawania 
     głosu,
   2) przeprowadzania na zwierzętach testów środków kosmetycznych oraz 
     testów środków higienicznych, jeżeli dostępne są metody alternatywne,
   3) przeprowadzania dla celów dydaktycznych doświadczeń na zwierzętach, 
     powodujących ich zbędne cierpienie, jeżeli cel ten można osiągnąć w 
     inny sposób."
Kiedy emisję obligacji uważa się za niedoszłą do skutku?;1995_420_13;"1. Emisję uważa się za niedoszłą do skutku, jeżeli w terminie wyznaczonym 
   do zapisywania się na obligacje nie zostanie subskrybowane co najmniej 
   80% emisji. W przypadku emisji obligacji zabezpieczonych całkowicie, w 
   warunkach emisji emitent może określić inny próg dojścia subskrypcji do 
   skutku.
 2. Przepis ust. 1 stosuje się odpowiednio do emisji obligacji, o której mowa w 
   art. 9 ust. 1 pkt 2.
 3. O niedojściu emisji do skutku emitent:
    1) informuje poprzez ogłoszenie w dwóch dziennikach, wskazanych w 
      treści prospektu emisyjnego lub memorandum informacyjnego - w 
      terminie dwóch tygodni od upływu terminu, o którym mowa w art. 12 
      ust. 1, albo
    2) zawiadamia listami poleconymi indywidualnych adresatów propozycji 
      nabycia, wzywając do odbioru wpłaconych kwot - w terminie dwóch 
      tygodni od upływu terminu, o którym mowa w art. 12 ust. 3 pkt 1."
Jak długo trwa obowiązkowa kwarantanna dla osób zdrowych, które pozostawały w styczności z chorymi na dżumę płucną?;2001_1384_27;"1. Osoby, przybywające z zagranicy chore lub co do których istnieje uzasadnione
  podejrzenie choroby zakaźnej, mogą być poddane badaniom, o których mowa w
  art. 5 ust. 1 pkt 1, i obowiązkowemu leczeniu lub obowiązkowej
  hospitalizacji, izolacji, kwarantannie lub nadzorowi epidemiologicznemu, na
  zasadach określonych w art. 25 ust. 1.
 2. Obowiązkowej kwarantannie lub nadzorowi epidemiologicznemu podlegają
  osoby zdrowe, które pozostawały w styczności z chorymi na cholerę, dżumę
  płucną i wirusowe gorączki krwotoczne przez okres nie dłuższy niż w przypadku
  cholery "" 5 dni, dżumy płucnej "" 6 dni, wirusowych gorączek krwotocznych
  "" 21 dni od ostatniego dnia styczności.
3. W przypadku uzasadnionego podejrzenia wystąpienia skażenia bagaży,
  przedmiotów, materiałów i środków transportu mogą być one poddane dezynfekcji
  i dezynsekcji, a środki transportu ponadto deratyzacji. Postępowanie ze
  zwierzętami określają odrębne przepisy.
4. W przypadku konieczności izolowania lub poddania kwarantannie osób wojewoda
  obowiązany jest zorganizować warunki izolacji lub kwarantanny przez
  zapewnienie odpowiednich pomieszczeń, wyposażenia oraz osób posiadających
  odpowiednie kwalifikacje."
Ile razy w roku przysługuje żołnierzowi zawodowemu prawo do gratyfikacji urlopowej?;2003_1750_87;"1. Żołnierzowi zawodowemu przysługuje raz w roku prawo do gratyfikacji
  urlopowej.
2. Przy ustalaniu wysokości gratyfikacji urlopowej uwzględnia się również
  małżonka, a także dzieci pozostające na utrzymaniu żołnierza zawodowego.
3. Wysokość gratyfikacji urlopowej dla jednej osoby uwzględnianej przy
  ustalaniu jej wysokości nie może być niższa niż 30% najniższego uposażenia
  zasadniczego żołnierza zawodowego.
4. Minister Obrony Narodowej określi, w drodze rozporządzenia, wysokość oraz
  szczegółowe warunki wypłacania gratyfikacji urlopowej, z uwzględnieniem
  terminów i trybu jej wypłacania."
Jaki procent uprawnionych do głosowania musi wziąć udział w referendum, żeby było ono ważne?;2000_985_55;"Referendum jest ważne, jeżeli wzięło w nim udział co najmniej 30% uprawnionych
do głosowania."
Kto wykonuje funkcje konsula?;2001_1403_21;"1. Funkcje konsula wykonuje, wyznaczony przez dyrektora generalnego służby
  zagranicznej, członek personelu dyplomatyczno-konsularnego, który złożył
  egzamin konsularny.
2. Minister właściwy do spraw zagranicznych określi, w drodze rozporządzenia,
  zakres egzaminu konsularnego oraz sposób jego przeprowadzania, uwzględniając
  możliwość powtarzania egzaminu, a także sposób powoływania członków komisji
  egzaminacyjnej oraz wysokość ich wynagrodzenia."
Ile co najmniej wynosi okres przestawiania chowu zwierząt na produkcję metodami ekologicznymi w przypadku kur niosek?;2001_452_18;"1. Przestawianie gospodarstwa rolnego na produkcję metodami ekologicznymi
  według ustalonego programu jest realizowane co najmniej przez 2 lata; w
  przypadku użytków zielonych okres ten może zostać, za zgodą upoważnionej
  jednostki certyfikującej, skrócony do roku pod warunkiem, że nie stosowano na
  nich w ciągu ostatnich 3 lat środków ochrony roślin i nawozów niedozwolonych
  w rolnictwie ekologicznym.
2. Okres przestawiania chowu zwierząt na produkcję metodami ekologicznymi
  wynosi co najmniej, w przypadku:
   1) produkcji na mięso bydła i koni - 12 miesięcy,
   2) produkcji na mięso trzody, owiec, kóz - 6 miesięcy,
   3) pozyskiwania mleka - 6 miesięcy,
   4) drobiu rzeźnego - 10 tygodni,
   5) kur niosek - 6 tygodni.
3. W okresie, o którym mowa w ust. 1 i 2, gospodarstwo rolne podlega, co
  najmniej raz w roku, w terminie uzgodnionym z posiadaczem gospodarstwa,
  kontroli przez upoważnioną jednostkę certyfikującą w zakresie realizacji
  programu przestawiania gospodarstwa na prowadzenie produkcji metodami
  ekologicznymi.
4. Upoważniona jednostka certyfikująca w okresie przestawiania może
  przeprowadzić doraźne nieodpłatne kontrole w zakresie, o którym mowa w ust.
  3, bez uprzedniego powiadamiania posiadacza gospodarstwa rolnego."
Kto prowadzi rejestr zezwoleń na prowadzenie aptek ogólnodostępnych?;2001_1381_107;"1. Wojewódzki inspektor farmaceutyczny prowadzi rejestr zezwoleń na prowadzenie
  aptek ogólnodostępnych, punktów aptecznych oraz rejestr udzielonych zgód na
  prowadzenie aptek szpitalnych i zakładowych.
2. Rejestr powinien zawierać:
   1) w odniesieniu do aptek ogólnodostępnych i punktów aptecznych dane
     określone w art. 102 pkt 1-6 oraz imię i nazwisko kierownika apteki,
   2) w odniesieniu do aptek szpitalnych i zakładowych:
     a) zakład opieki zdrowotnej,
     b) adres apteki,
     c) zakres działalności apteki oraz imię i nazwisko jej kierownika.
3. Zmiana zezwolenia, jego cofnięcie lub wygaśnięcie, a także zmiana, cofnięcie
  lub wygaśnięcie zgody, wymaga wprowadzenia stosownych zmian w rejestrze.
                                        
                                   Rozdział 8
                            Inspekcja Farmaceutyczna"
Co zawiera informacja o osobie, sporządzona na podstawie danych osobowych zgromadzonych w Rejestrze?;2000_580_20;"Informacja o osobie, sporządzona na podstawie danych osobowych zgromadzonych w
Rejestrze, zawiera:
   1) dane identyfikujące osobę - nazwisko, w tym także przybrane, imiona,
     nazwisko rodowe, datę i miejsce urodzenia, imiona rodziców, obywatelstwo,
     nazwisko rodowe matki, miejsce zamieszkania, zawód wyuczony, a także
     numer PESEL,
   2) dane osobowe w zakresie objętym zapytaniem lub wnioskiem albo
     stwierdzenie, że osoba nie figuruje w Rejestrze,
   3) datę wydania,
   4) nazwisko i imię osoby upoważnionej do jej wydania,
   5) pieczęć urzędową."
Od jakiego dnia każdego roku nalicza się podwyższenie indywidualnych wynagrodzeń urzędników?;1998_1125_13;"1. Środki na wynagrodzenia zasadnicze urzędników ustala się:
   1) w pierwszym roku obowiązywania ustawy - przeciętnie w wysokości 35%
     wynagrodzenia zasadniczego sędziego sądu rejonowego,
   2) w drugim roku obowiązywania ustawy - przeciętnie w wysokości 40%
     wynagrodzenia zasadniczego sędziego sądu rejonowego,
   3) w trzecim roku obowiązywania ustawy - przeciętnie w wysokości 50%
     wynagrodzenia zasadniczego sędziego sądu rejonowego
   - z tym że w drugim i trzecim roku obowiązywania ustawy środki na
     wynagrodzenia zasadnicze urzędników podwyższa się o wartość składki na
     ubezpieczenia emerytalne i rentowe, o której mowa w art. 110 ustawy z dnia
     13 października 1998 r. o systemie ubezpieczeń społecznych (DZ. U. Nr
     137, poz. 887).
2. Podwyższenie indywidualnych wynagrodzeń urzędników nalicza się od dnia 1
  stycznia każdego roku."
Jakie są zadania gmin w ramach prac związanych ze spisem?;1995_5_11;"1. Zadania gmin w ramach prac związanych z organizacją i prowadzeniem 
   spisu obejmują:
    1) wynikający z przepisów o podziale zadań i kompetencji między organy 
      gminy a organy administracji rządowej obowiązek zaktualizowania:
       a) nazewnictwa ulic i placów oraz numeracji nieruchomości,
       b) ewidencji ludności,
    2) zadania zlecone z zakresu administracji rządowej zlecane niniejszą 
      ustawą:
       a) zaktualizowanie wykazów nieruchomości i mieszkań w wylosowanych
         obwodach spisowych,
       b) zorganizowanie przeprowadzenia we współdziałaniu z wojewódzkim
         urzędem statystycznym spisu na terenie gminy, w tym:
          - delegowanie pracowników urzędu gminy do prac spisowych i 
            na szkolenia organizowane przez wojewódzki urząd statystyczny,
          - werbunek kandydatów na rachmistrzów spisowych,
          - rozdział druków spisowych,
          - powiadamianie osób zamieszkałych w wylosowanych do spisu 
            mieszkaniach i gospodarstwach domowych,
          - nadzorowanie przebiegu spisu,
          - przyjmowanie od rachmistrzów spisowych formularzy spisowych,
          - kontrola kompletności formularzy w obwodach spisowych oraz 
            zapisów na formularzach spisowych i ich przekazanie do wojewódzkiego
            urzędu statystycznego.
 2. Nadzór merytoryczny nad realizacją zadań, o których mowa w ust. 1 pkt 2, 
   sprawuje dyrektor wojewódzkiego urzędu statystycznego województwa, na 
   którego terenie znajduje się gmina.
 3. Środki na wykonanie zadań, o których mowa w ust. 1 pkt 2, zostaną przekazane
   przez Główny Urząd Statystyczny za pośrednictwem wojewódzkich 
   urzędów statystycznych sukcesywnie, po zakończeniu kolejnych etapów 
   prac; ostateczne rozliczenie nastąpi w terminie do dnia 31 lipca 1995 r."
Co obowiązany jest mieć przy sobie kierowca pojazdu samochodowego podczas przejazdu wykonywanego w ramach transportu drogowego?;2001_1371_87;"1. Podczas przejazdu wykonywanego w ramach transportu drogowego kierowca
  pojazdu samochodowego, z zastrzeżeniem ust. 4, jest obowiązany mieć przy
  sobie i okazywać, na żądanie uprawnionego organu kontroli, wypis z licencji,
  dowód uiszczenia należnej opłaty za korzystanie z dróg krajowych, zapisy
  urządzenia rejestrującego samoczynnie prędkość jazdy, czas jazdy i czas
  postoju,  obowiązkowe przerwy i czas odpoczynku, a ponadto:
   1) w transporcie drogowym osób:
     a) przy wykonywaniu przewozów regularnych, przewozów regularnych
       specjalnych, przewozów wahadłowych lub okazjonalnych - odpowiednie
       zezwolenie,
     b) przy wykonywaniu przewozów okazjonalnych lub wahadłowych, a także
       przewozów na potrzeby własne - formularz jazdy,
   2) w transporcie drogowym rzeczy - dokumenty związane z przesyłką:
     a) odpowiednie zezwolenie wymagane w międzynarodowym transporcie drogowym,
     b) wymagane przy przewozie drogowym materiałów niebezpiecznych,
     c) świadectwo wymagane zgodnie z umową o międzynarodowych przewozach
       szybko psujących się artykułów żywnościowych i o specjalnych środkach
       transportu przeznaczonych do tych przewozów (ATP),
     d) zezwolenie na przejazd pojazdu, z ładunkiem lub bez ładunku, o  masie,
       naciskach osi lub wymiarach przekraczających wielkości określone w
       odrębnych przepisach,
     e) wymagane przy przewozie żywych zwierząt,
   3) w międzynarodowym transporcie drogowym rzeczy - wypis z wykazu numerów
     rejestracyjnych pojazdów samochodowych.
2. Podczas przewozu drogowego wykonywanego na potrzeby własne przedsiębiorcy
  kierowca pojazdu samochodowego, oprócz dokumentów określonych w ust. 1, jest
  obowiązany mieć przy sobie i okazywać, na żądanie uprawnionego organu
  kontroli, zaświadczenie lub wypis z zaświadczenia, o którym mowa w art. 33.
3. Przedsiębiorca jest odpowiedzialny za wyposażenie kierowcy wykonującego
  przewóz w wymagane dokumenty.
4. Podczas przejazdu wykonywanego w ramach transportu drogowego kierowca
  taksówki jest obowiązany mieć przy sobie i okazać na żądanie licencję."
Kogo minister właściwy do spraw transportu może upoważnić do wydawania zezwoleń zagranicznych?;2001_1371_26;"Minister właściwy do spraw transportu, mając na względzie usprawnienie procedur
wydawania zezwoleń zagranicznych, może upoważnić do wydawania tych dokumentów:
   1) w drodze zarządzenia - kierownika jednostki, o którym mowa w art. 17
     ust. 2, na określonych warunkach,
   2) w drodze rozporządzenia - polskie organizacje o zasięgu ogólnokrajowym
     zrzeszające międzynarodowych przewoźników drogowych, uwzględniając w
     szczególności właściwe zabezpieczenie tych dokumentów uniemożliwiające
     dostęp osób niepowołanych, wyposażenie pomieszczeń w urządzenia
     gwarantujące bezpieczeństwo przechowywanych dokumentów, ubezpieczenie od
     wszelkiego ryzyka oraz sposób rozliczania się w przypadku zaginięcia,
     zniszczenia lub utraty tych dokumentów."
Kto wchodzi w skład komisji rewizyjnej powoływanej przez radę powiatu?;1995_436_16;"1. Rada powiatu kontroluje działalność zarządu oraz powiatowych jednostek
  organizacyjnych. W tym celu powołuje komisję rewizyjną.
2. W skład komisji rewizyjnej wchodzą radni, z wyjątkiem radnych pełniących
  funkcje, o których mowa w art. 14 ust. 1, oraz radnych będących członkami
  zarządu.
3. Komisja rewizyjna opiniuje wykonanie budżetu powiatu i występuje z wnioskiem
  do rady powiatu w sprawie udzielenia lub nieudzielenia absolutorium
  zarządowi. Wniosek w sprawie absolutorium podlega  zaopiniowaniu przez
  regionalną izbę obrachunkową.
4. Komisja rewizyjna wykonuje inne zadania zlecone przez radę powiatu w
  zakresie kontroli. Uprawnienie to nie narusza uprawnień kontrolnych innych
  komisji powoływanych przez radę na podstawie art. 17."
Jakie są stawki kar za zniszczenie jednego metra kwadratowego terenu zieleni?;2004_880_85;"1. Opłatę za usunięcie drzew ustala się na podstawie stawki zależnej od obwodu
  pnia oraz rodzaju i gatunku drzewa.
2. Stawki opłat za usuwanie drzew nie mogą przekraczać za jeden centymetr
  obwodu pnia mierzonego na wysokości 130 cm:
   1) 270 zł - przy obwodzie do 25 cm;
   2) 410 zł - przy obwodzie od 26 do 50 cm;
   3) 640 zł - przy obwodzie od 51 do 100 cm;
   4) 1000 zł - przy obwodzie od 101 do 200 cm;
   5) 1500 zł - przy obwodzie od 201 do 300 cm;
   6) 2100 zł - przy obwodzie od 301 do 500 cm;
   7) 2700 zł - przy obwodzie od 501 do 700 cm;
   8) 3500 zł - przy obwodzie powyżej 700 cm.
3. Jeżeli drzewo rozwidla się na wysokości poniżej 130 cm, każdy pień traktuje
  się jako odrębne drzewo.
4. Minister właściwy do spraw środowiska określi, w drodze rozporządzenia:
   1) stawki dla poszczególnych rodzajów i gatunków drzew,
   2) współczynniki różnicujące stawki w zależności od obwodu pnia
 - kierując się zróżnicowanymi kosztami produkcji poszczególnych rodzajów i
  gatunków drzew oraz wielkościami przyrostu obwodu pni drzew.
5. Stawkę za usunięcie jednego metra kwadratowego powierzchni pokrytej krzewami
  ustala się w wysokości 200 zł.
6. Opłaty za usunięcie drzew lub krzewów z terenu uzdrowisk, obszaru ochrony
  uzdrowiskowej, terenu nieruchomości wpisanej do rejestru zabytków oraz
  terenów zieleni są o 100% wyższe od opłat ustalonych na podstawie stawek, o
  których mowa ust. 4 pkt 1 i ust. 5.
7. Stawki, o których mowa w ust. 2, ust. 4 pkt 1 i ust. 5, podlegają z dniem 1
  stycznia każdego roku waloryzacji o prognozowany średnioroczny wskaźnik cen
  towarów i usług konsumpcyjnych ogółem, przyjęty w ustawie budżetowej.
8. Minister właściwy do spraw środowiska, w terminie do dnia 31 października
  każdego roku, ogłasza, w drodze obwieszczenia w Dzienniku Urzędowym
  Rzeczypospolitej Polskiej ""Monitor Polski"", wysokość stawek, o których mowa w
  ust. 7 i art. 89 ust. 8."
W jakiej sytuacji przy przewozie na podstawie umowy bukingowej zawiadomienie frachtującego o czasie i miejscu ładowania statku jest zbędne?;2001_1545_116;"Przy przewozie na podstawie umowy bukingowej przewoźnik powinien w odpowiednim
terminie zawiadomić frachtującego o czasie i miejscu ładowania statku.
Zawiadomienie takie jest zbędne, gdy chodzi o statek obsługujący linię
regularną, chyba że termin ustalony w rozkładzie rejsów nie będzie mógł być
dotrzymany."
Których członków rodziny funkcjonariusza uwzględnia się przy przydziale lokalu?;2001_298_77;"Członkami rodziny funkcjonariusza, których uwzględnia się przy
przydziale lokalu, są pozostający z funkcjonariuszem we wspólnym
gospodarstwie domowym:
   1) małżonek,
   2) dzieci (własne lub małżonka, przysposobione lub przyjęte na
     wychowanie w ramach rodziny zastępczej) pozostające na jego
     utrzymaniu, nie dłużej jednak niż do ukończenia przez nie 25 lat
     życia,
   3) rodzice funkcjonariusza i jego małżonka będący na jego wyłącznym
     utrzymaniu lub jeżeli ze względu na wiek albo inwalidztwo, albo
     inne okoliczności są niezdolni do wykonywania zatrudnienia; za
     rodziców uważa się również ojczyma i macochę oraz osoby
     przysposabiające."
Kiedy ubezpieczyciel może odstąpić od umowy albo żądać zapłaty składki dodatkowej za zwiększone niebezbieczeństwo?;2001_1545_316;"§ 1. Jeżeli zmiana niebezpieczeństwa została spowodowana przez ubezpieczającego
     albo za jego zgodą, ubezpieczyciel może odstąpić od umowy albo żądać
     zapłaty składki dodatkowej za zwiększone niebezpieczeństwo, chyba że
     zmiany niebezpieczeństwa dokonano we wspólnym interesie ubezpieczyciela i
     ubezpieczającego albo w celu ratowania życia ludzkiego.
 § 2. Przy ubezpieczeniu zawartym na podróż prawo, o którym mowa w § 1,
     przysługuje ubezpieczycielowi, w szczególności:
   1) jeżeli rozpoczęcie lub zakończenie podróży ulega zwłoce z winy
     ubezpieczającego,
   2) jeżeli podjęto inną podróż zamiast podróży oznaczonej w umowie
     ubezpieczenia,
   3) jeżeli statek skierowano do innego portu niż przewidziano w umowie
     ubezpieczenia,
   4) jeżeli statek zszedł z właściwej trasy lub zawinął do portu, który nie
     był brany w rachubę, chyba że zejście z trasy nastąpiło wskutek
     okoliczności niezależnych od armatora lub kapitana albo w celu ratowania
     życia ludzkiego lub mienia bądź było konieczne ze względu na
     bezpieczeństwo statku.
 § 3.  Jeżeli zmiana niebezpieczeństwa nastąpiła bez zgody ubezpieczającego,
     umowa ubezpieczenia pozostaje w mocy, jednak ubezpieczyciel może żądać
     zapłaty dodatkowej składki za zwiększone niebezpieczeństwo."
Kiedy ulegają przedawnieniu roszczenia z tytułu prawa do uposażenia?;2002_1070_82;"1. Roszczenia
z tytułu prawa do uposażenia i innych świadczeń oraz należności pieniężnych
ulegają przedawnieniu z upływem 3 lat od dnia, w którym roszczenie stało się
wymagalne.
2. Organ
właściwy do rozpatrywania roszczeń może nie uwzględnić przedawnienia, jeżeli
opóźnienie w dochodzeniu roszczenia jest usprawiedliwione wyjątkowymi okolicznościami.
3. Bieg
przedawnienia roszczenia z tytułu uposażenia i innych świadczeń oraz należności
pieniężnych przerywa:
1)   każda
czynność przed odpowiednio Szefem SKW albo Szefem SWW lub kierownikiem jednostki
organizacyjnej odpowiednio SKW albo SWW, podjęta bezpośrednio w celu dochodzenia
lub ustalenia albo zaspokojenia roszczenia;
2)   uznanie
roszczenia."
Kiedy ulegają przedawnieniu roszczenia z tytułu prawa do uposażenia?;2003_1750_75;"1. Roszczenia z tytułu prawa do uposażenia i innych należności, o których mowa
  w art. 73, ulegają przedawnieniu z upływem trzech lat od dnia, w którym
  roszczenie stało się wymagalne.
 2. Bieg przedawnienia roszczenia z tytułu prawa do uposażenia i innych
  należności, o których mowa w art. 73, przerywa:
   1) każda czynność przed organem właściwym do rozpatrzenia roszczenia podjęta
     bezpośrednio w celu dochodzenia lub ustalenia albo zaspokojenia
     roszczenia;
   2) uznanie roszczenia.
3. W razie zwłoki w wypłacie uposażenia i innych należności, o których mowa w
  art. 73, żołnierzowi zawodowemu przysługują odsetki ustawowe od dnia, w
  którym uposażenie lub inna należność pieniężna stały się wymagalne."
Których członków rodziny funkcjonariusza uwzględnia się przy przydziale lokalu?;2002_1070_63;"Członkami
rodziny funkcjonariusza, których uwzględnia się przy przydziale lokalu
mieszkalnego, są pozostający z funkcjonariuszem we wspólnym gospodarstwie domowym:
1)   małżonek;
2)   dzieci własne
lub małżonka, przysposobione lub przyjęte na wychowanie w ramach rodziny zastępczej,
pozostające na jego utrzymaniu do czasu ukończenia 18 roku życia, a w razie
uczęszczania do szkoły lub odbywania studiów w szkole wyższej - do czasu
ukończenia nauki, nie dłużej jednak niż do ukończenia przez nie 25 roku życia,
chyba że przed osiągnięciem takiego wieku orzeczono o ich całkowitej niezdolności
do pracy;
3)   rodzice
funkcjonariusza i jego małżonka będący na jego wyłącznym utrzymaniu lub jeżeli
ze względu na wiek albo całkowitą lub częściową niezdolność do pracy albo inne
okoliczności są niezdolni do wykonywania zatrudnienia; za rodziców uważa się
również ojczyma i macochę oraz osoby przysposabiające."
Jakie instytucje są organami dochodzenia w sprawach o przestępstwa skarbowe i wykroczenia?;1999_930_134;"§ 1. Dochodzenie prowadzą także:
   1) Straż Graniczna - w sprawach o przestępstwa skarbowe i wykroczenia
     skarbowe wymienione w art. 133 § 1 pkt 1, ujawnione w zakresie swego
     działania przez Straż Graniczną,
   2) Policja - w sprawach o przestępstwa skarbowe i wykroczenia skarbowe
     ujawnione w zakresie swego działania przez Policję,
   3) Urząd Ochrony Państwa "" w sprawach o przestępstwa skarbowe ujawnione w
     zakresie swego działania przez ten urząd,
   4) Żandarmeria Wojskowa - w sprawach o przestępstwa skarbowe i wykroczenia
     skarbowe popełnione przez osoby wymienione w art. 53 § 36.
 § 2. Organy określone w § 1 pkt 1-3 zawiadamiają niezwłocznie o prowadzeniu
     dochodzenia właściwe finansowe organy dochodzenia przez przesłanie odpisu
     postanowienia o jego wszczęciu, chyba że ograniczą swoje czynności
     do zabezpieczenia śladów i dowodów przestępstwa skarbowego lub wykroczenia
     skarbowego oraz przekazania sprawy do dalszego prowadzenia tym organom.
 § 3. Organ określony w § 1 pkt 4 o wszczęciu dochodzenia zawiadamia
     niezwłocznie właściwą prokuraturę wojskową.
 § 4. W razie zgłoszenia przez sprawcę czynu zabronionego wniosku o zezwolenie
     na dobrowolne poddanie się odpowiedzialności, przekazanie sprawy
     właściwemu finansowemu organowi dochodzenia jest obowiązkowe.
 § 5. Przepisy § 1, 2 i 4 stosuje się odpowiednio w wypadku, gdy organ określony
     w § 1 pkt 1-3 jest właściwy do prowadzenia dochodzenia w sprawie o czyn
     zabroniony będący przestępstwem określonym w przepisach karnych innej
     ustawy, który wyczerpuje zarazem znamiona przestępstwa skarbowego lub
     wykroczenia skarbowego."
Jaki procent uprawnionych do głosowania musi wziąć udział w referendum, żeby było ono ważne?;1995_436_11;"1. Referendum przeprowadza się z inicjatywy rady lub na wniosek co najmniej 10%
  mieszkańców uprawnionych do głosowania.
2. Referendum  jest ważne, jeżeli wzięło w nim udział co najmniej 30%
  uprawnionych do głosowania.
3. Referendum w sprawie odwołania rady powiatu przed upływem kadencji
  przeprowadza się na zasadach określonych w ust. 1 i 2, nie wcześniej jednak
  niż po upływie 12 miesięcy od dnia wyborów lub od dnia ostatniego referendum
  w sprawie odwołania rady powiatu przed upływem kadencji i nie później niż 6
  miesięcy przed upływem kadencji.
4. Zasady i tryb przeprowadzania referendum określa odrębna ustawa."
W ciągu ilu dni od ogłoszenia wyników wyborów przez Państwową Komisję Wyborczą można wnieść protest?;2001_499_79;"1. Protest wnosi się na piśmie do Sądu Najwyższego w terminie 7 dni od dnia
  ogłoszenia wyników wyborów przez Państwową Komisję Wyborczą w Dzienniku
  Ustaw Rzeczypospolitej Polskiej. Nadanie w tym terminie protestu w polskim
  urzędzie pocztowym jest równoznaczne z wniesieniem go do Sądu Najwyższego.
2. W odniesieniu do wyborcy przebywającego za granicą lub na polskim statku
  morskim wymogi wymienione w ust. 1 uważa się za spełnione, jeżeli protest
  został złożony odpowiednio właściwemu terytorialnie konsulowi lub
  kapitanowi statku. Wyborca obowiązany jest dołączyć do protestu
  zawiadomienie o ustanowieniu swojego pełnomocnika zamieszkałego w kraju lub
  pełnomocnika do doręczeń zamieszkałego w kraju, pod rygorem pozostawienia
  protestu bez biegu.
3. Wnoszący protest powinien sformułować w nim zarzuty oraz przedstawić lub
  wskazać dowody, na których opiera swoje zarzuty."
Kiedy ulegają przedawnieniu roszczenia z tytułu prawa do uposażenia?;1999_802_83;"1. Roszczenia z tytułu prawa do uposażenia i innych świadczeń oraz należności
  pieniężnych ulegają przedawnieniu z upływem 3 lat od dnia, w którym
  roszczenie stało się wymagalne.
2. Kierownik urzędu może nie uwzględnić przedawnienia, jeżeli opóźnienie w
  dochodzeniu roszczenia jest usprawiedliwione wyjątkowymi okolicznościami.
3. Bieg przedawnienia roszczenia z tytułu uposażenia i innych świadczeń oraz
  należności pieniężnych przerywa:
   1) każda czynność przed kierownikiem urzędu właściwym do rozpatrywania
     roszczeń, podjęta bezpośrednio w celu dochodzenia lub ustalenia albo
     zaspokojenia roszczenia,
   2) uznanie roszczenia.
                                       
                                 Rozdział  14
                      Zmiany w przepisach obowiązujących"
Kto wchodzi w skład komisji rewizyjnej powoływanej przez radę powiatu?;1998_576_30;"1. Sejmik województwa kontroluje działalność zarządu województwa oraz
  wojewódzkich samorządowych jednostek organizacyjnych. W tym celu powołuje
  komisję rewizyjną.
2. W skład komisji rewizyjnej wchodzą radni, w tym przedstawiciele wszystkich
  klubów. Członkostwa w komisji rewizyjnej nie można łączyć z funkcjami
  marszałka województwa, przewodniczącego i wiceprzewodniczących sejmiku
  województwa oraz radnych będących członkami zarządu województwa.
3. Komisja rewizyjna opiniuje wykonanie budżetu i występuje z wnioskiem do
  sejmiku województwa w sprawie udzielenia lub nieudzielenia absolutorium
  zarządowi województwa. Wniosek ten podlega zaopiniowaniu przez regionalną
  izbę obrachunkową."
W jakich przypadkach na towary rolne dopuszczone do wolnego obiegu mogą być nałożone dodatkowe opłaty celne?;1995_485_3;"1. Na towary rolne dopuszczone do wolnego obrotu mogą być nałożone opłaty
   celne dodatkowe, jeżeli:
   1) ilość towaru rolnego, wprowadzanego na polski obszar celny i zgłaszanego
     organom celnym w celu dopuszczenia do wolnego obrotu, przekroczy
     w roku kalendarzowym wielkość progową, albo
   2) jednostkowa ceny importowa towaru rolnego, wprowadzanego na polski 
     obszar celny i zgłaszanego organom celnym w celu dopuszczenia do wolnego
     obrotu, jest niższa od ceny progu.
 2. Opłaty celnej dodatkowej nie pobiera się od towarów rolnych wprowadzanych
   na polski obszar celny, zwolnionych od cła na podstawie odrębnych 
   przepisów."
Jakie są zadania gmin w ramach prac związanych ze spisem?;1994_288_1;"Zadania gmin w ramach prac związanych z organizacją i prowadzeniem spisów 
rolnych obejmują:
   1) jednorazowe przekazanie wojewódzkim urzędom statystycznym aktualnej
     liczby gospodarstw i działek rolnych oraz wykazów indywidualnych 
     gospodarstw i działek rolnych zawierających:
       a) imię i nazwisko oraz datę urodzenia władającego,
       b) numer identyfikujący gospodarstwo (działkę rolną) w dokumentacji
         gminy,
       c) adres władającego (miejscowość, ulicę, numer nieruchomości, numer
         mieszkania),
       d) ogólną powierzchnię,
       e) powierzchnię użytków rolnych w gospodarstwie w hektarach fizycznych
         i przeliczeniowych,
       f) powierzchnię użytków rolnych działki,
   2) wykonanie do dnia 31 lipca 1994 r. następujących prac związanych z 
     zorganizowaniem i przeprowadzeniem spisu rolnego metodą reprezentacyjną:
       a) przedstawienie list kandydatów na ankieterów,
       b) udział w szkoleniu organizowanym przez wojewódzkie urzędy statystyczne
         oraz przeszkolenie ankieterów,
       c) nadzorowanie przebiegu prac w terenie,
       d) współuczestniczenie w przeprowadzeniu spisu kontrolnego,
       e) przyjęcie materiałów od ankieterów, kontrola materiałów i sporządzenie
         wstępnych zestawień zbiorczych dla gminy,
   3) przekazywanie corocznie - w terminie do dnia 15 maja - zmian w wykazach
     indywidualnych gospodarstw i działek rolnych, o których mowa 
     w pkt 1."
Jaki procent uprawnionych do głosowania musi wziąć udział w referendum, żeby było ono ważne?;1998_576_5;"1. Mieszkańcy województwa podejmują rozstrzygnięcia w głosowaniu powszechnym
  (w drodze wyborów i  referendum) lub za pośrednictwem organów samorządu
  województwa.
2. Referendum może być przeprowadzone w każdej ważnej dla województwa sprawie
  mieszczącej się w zakresie jego zadań.
3. Referendum przeprowadza się z inicjatywy sejmiku województwa lub na
  wniosek co najmniej 1/10 mieszkańców uprawnionych do głosowania.
4. Referendum jest ważne, jeżeli wzięło w nim udział co najmniej 30%
  uprawnionych do głosowania.
5. Zasady i tryb przeprowadzania referendum określa odrębna ustawa."
Kiedy do okresu zasiłkowego wlicza się okresy poprzedniej niezdolności do pracy, spowodowanej tą samą chorobą?;1995_488_9;"1. Do okresu, o którym mowa w art. 8, zwanego dalej ""okresem zasiłkowym"",
  wlicza się wszystkie okresy nieprzerwanej niezdolności do pracy, jak również
  okresy niemożności wykonywania pracy z przyczyn określonych w art. 6 ust. 2.
2. Do okresu zasiłkowego wlicza się okresy poprzedniej niezdolności do pracy,
  spowodowanej tą samą chorobą, jeżeli przerwa pomiędzy ustaniem poprzedniej, a
  powstaniem ponownej niezdolności do pracy nie przekraczała 60 dni.
3. Do okresu zasiłkowego nie wlicza się okresu niezdolności do pracy
  przypadającego w okresach, o których mowa w art. 4 ust. 1."
Co nazywamy wzorem przemysłowym?;1994_195_102;"1. Wzorem przemysłowym jest nowa i oryginalna, nadająca się do wielokrotnego
  odtwarzania postać wytworu, przejawiająca się w szczególności w jego
  kształcie, właściwościach powierzchni, barwie, rysunku lub ornamencie.
2. Nie stanowi wzoru przemysłowego postać wytworu uwarunkowana wyłącznie
  względami technicznymi lub funkcjonalnymi."
Co obowiązany jest mieć przy sobie kierowca pojazdu samochodowego podczas przejazdu wykonywanego w ramach transportu drogowego?;1997_677_4;"1. Krajowy przedsiębiorca jest obowiązany wyposażyć kierowcę pojazdu samochodowego
  zarejestrowanego w kraju w dokumenty związane z przewozem
  wykonywanym w ramach międzynarodowego transportu drogowego.
2. Kierowca pojazdu samochodowego zarejestrowanego w kraju jest obowiązany
  mieć przy sobie i okazywać na żądanie uprawnionego organu kontroli,
  stosownie do rodzaju przewozu, następujące dokumenty: 
   1) koncesję na wykonywanie międzynarodowego transportu drogowego,
   2) zezwolenie zagraniczne na przewóz rzeczy,
   3) zezwolenie na przewóz osób w ramach międzynarodowego transportu 
     drogowego,
   4) dokumenty wymagane zgodnie z umową europejską dotyczącą międzynarodowego
     przewozu drogowego towarów niebezpiecznych (ADR),
   5) świadectwo wymagane zgodnie z umową o międzynarodowych przewozach
     szybko psujących się artykułów żywnościowych i o specjalnych środkach
     transportu przeznaczonych do tych przewozów (ATP),
   6) zezwolenie na przejazd pojazdu, z ładunkiem lub bez ładunku, o masie, 
     naciskach osi lub wymiarach przekraczających wielkości określone w 
     odrębnych przepisach,
   7) formularz jazdy - przy wykonywaniu przewozu okazjonalnego, wahadłowego
     lub przewozu osób na potrzeby własne,
   8) dowód uiszczenia opłaty obowiązującej w międzynarodowym transporcie
     drogowym,
   9) zapisy zamontowanego w pojeździe urządzenia rejestrującego samoczynnie
     prędkość jazdy oraz czas jazdy i postoju kierującego lub kierujących
     pojazdem samochodowym.
3. Kierowca pojazdu samochodowego zarejestrowanego za granicą jest obowiązany
  mieć przy sobie i okazywać na żądanie uprawnionego organu 
  kontroli, stosownie do rodzaju przewozu, następujące dokumenty: 
   1) zezwolenie Ministra Transportu i Gospodarki Morskiej na przewóz 
     osób lub rzeczy w ramach międzynarodowego transportu drogowego,
   2) dokumenty wymagane zgodnie z umową europejską dotyczącą międzynarodowego
     przewozu drogowego towarów niebezpiecznych (ADR),
   3) świadectwo wymagane zgodnie z umową o międzynarodowych przewozach
     szybko psujących się artykułów żywnościowych i o specjalnych środkach
     transportu przeznaczonych do tych przewozów (ATP),
   4) zezwolenie na przejazd pojazdu, z ładunkiem lub bez ładunku, o masie, 
     naciskach osi lub wymiarach przekraczających wielkości określone w 
     odrębnych przepisach,
   5) formularz jazdy - przy wykonywaniu przewozu okazjonalnego, wahadłowego
     lub przewozu osób na potrzeby własne,
   6) dowód uiszczenia opłaty obowiązującej w międzynarodowym transporcie
     drogowym,
   7) zapisy zamontowanego w pojeździe urządzenia rejestrującego samoczynnie
     prędkość jazdy oraz czas jazdy i postoju kierującego lub kierujących
     pojazdem samochodowym.
4. Przepisy ust. 1-3 nie naruszają obowiązków przedsiębiorców lub kierowców
  wykonujących międzynarodowy transport drogowy, wynikających z odrębnych
  ustaw lub umów międzynarodowych."
Kogo minister właściwy do spraw transportu może upoważnić do wydawania zezwoleń zagranicznych?;1997_677_19;"Minister Transportu i Gospodarki Morskiej może upoważnić na określonych 
warunkach:
   1) kierownika jednostki organizacyjnej utworzonej w tym celu - do wydawania
     zezwoleń zagranicznych oraz wykonywania niektórych czynności 
     związanych z udzielaniem koncesji,
   2) polskie organizacje o zasięgu ogólnokrajowym zrzeszające międzynarodowych
     przewoźników drogowych - do wydawania zezwoleń zagranicznych."
Jakie są stawki kar za zniszczenie jednego metra kwadratowego terenu zieleni?;2004_880_89;"1. Administracyjną karę pieniężną, o której mowa w art. 88 ust. 1, ustala się,
  z zastrzeżeniem ust. 5, w wysokości trzykrotnej opłaty za usunięcie drzew lub
  krzewów ustalonej na podstawie stawek, o których mowa w art. 85 ust. 4 pkt 1,
  ust. 5 i 6.
2. Jeżeli ustalenie obwodu lub gatunku zniszczonego lub usuniętego bez
  zezwolenia drzewa jest niemożliwe, z powodu wykarczowania pnia i braku kłody,
  dane do wyliczenia administracyjnej kary pieniężnej ustala się na podstawie
  informacji zebranych w toku postępowania administracyjnego, powiększając ją o
  50%.
3. Jeżeli ustalenie obwodu zniszczonego lub usuniętego bez zezwolenia drzewa
  jest niemożliwe, z powodu braku kłody, obwód do wyliczenia administracyjnej
  kary pieniężnej ustala się, przyjmując najmniejszy promień pnia i
  pomniejszając wyliczony obwód o 10%.
4. Jeżeli ustalenie wielkości powierzchni zniszczonych lub usuniętych bez
  zezwolenia krzewów nie jest możliwe, z powodu usunięcia gałęzi i korzeni,
  wielkość tę przyjmuje się na podstawie informacji zebranych w toku
  postępowania administracyjnego.
5. Stawki kar za zniszczenie jednego metra kwadratowego terenu zieleni wynoszą:
   1) dla trawników - 46 zł;
   2) dla kwietników - 395 zł.
6. Kary ustalone, nieuiszczone w wyznaczonym terminie, podlegają wraz z
  odsetkami za zwłokę przymusowemu ściągnięciu w trybie określonym w przepisach
  o postępowaniu egzekucyjnym w administracji.
7. Kary nie uiszcza się po upływie 5 lat od końca roku, w którym upłynął termin
  jej wniesienia.
8. Stawki kar, o których mowa w ust. 5, podlegają z dniem 1 stycznia każdego
  roku waloryzacji o prognozowany średnioroczny wskaźnik cen towarów i usług
  konsumpcyjnych ogółem, przyjęty w ustawie budżetowej.
9. Minister właściwy do spraw środowiska określi, w drodze rozporządzenia, tryb
  nakładania administracyjnych kar pieniężnych, o których mowa w art. 88
  ust. 1, kierując się potrzebą przeciwdziałania niszczeniu terenów zieleni,
  drzew i krzewów oraz usuwaniu drzew i krzewów bez wymaganego zezwolenia."
Jaki dzień jest Świętem Żandarmerii Wojskowej?;2001_1353_15;Świętem Żandarmerii Wojskowej jest dzień 13 czerwca.
Kogo minister właściwy do spraw transportu może upoważnić do wydawania zezwoleń zagranicznych?;2001_1371_32;"Minister właściwy do spraw transportu, mając na względzie usprawnienie procedur
wydawania zezwoleń zagranicznych, może upoważnić do wydawania tych dokumentów:
   1) w drodze zarządzenia - kierownika jednostki, o którym mowa w art. 17
     ust. 2, na określonych warunkach,
   2) w drodze rozporządzenia - polskie organizacje o zasięgu ogólnokrajowym
     zrzeszające międzynarodowych przewoźników drogowych, uwzględniając w
     szczególności właściwe zabezpieczenie tych dokumentów uniemożliwiające
     dostęp osób niepowołanych, wyposażenie pomieszczeń w urządzenia
     gwarantujące bezpieczeństwo przechowywanych dokumentów, ubezpieczenie od
     wszelkiego ryzyka oraz sposób rozliczania się w przypadku zaginięcia,
     zniszczenia lub utraty tych dokumentów.
                                        
                                   Rozdział 5
                           Przewozy na potrzeby własne"
Jakie instytucje są organami dochodzenia w sprawach o przestępstwa skarbowe i wykroczenia?;1999_930_118;"§ 1. Organami dochodzenia w sprawach o przestępstwa skarbowe i wykroczenia
     skarbowe są:
   1) urząd skarbowy,
   2) inspektor kontroli skarbowej,
   3) urząd celny,
   4) funkcjonariusz inspekcji celnej,
   5) Straż Graniczna,
   6) Policja,
   7) Żandarmeria Wojskowa.
 § 2. Organem dochodzenia w sprawach o przestępstwa skarbowe jest także Urząd
     Ochrony Państwa.
 § 3. Czynności procesowe organów, o których mowa w § 1 i 2, wykonują
     upoważnieni przedstawiciele tych organów."
Na jakich zasadach odbywają się przewozy wojsk obcych kolejami?;1999_1063_20;"Przewozy wojsk obcych kolejami odbywają się na takich samych zasadach jak
przewozy Sił Zbrojnych Rzeczypospolitej Polskiej."
Jakie są zadania gmin w ramach prac związanych ze spisem?;1996_147_9;"1. Zadania gmin, w ramach prac związanych ze spisem, obejmują: 
   1) przygotowanie wykazów właścicieli zwierząt gospodarskich nie posiadających
     użytków rolnych,
   2) rozliczenie powierzchni gruntów użytkowanych w gminie,
   3) zorganizowanie przeprowadzenia spisu na terenie gminy, we współdziałaniu
     z urzędem statystycznym, w tym:
       a) delegowanie pracowników urzędu gminy do prac spisowych i na 
         szkolenia organizowane przez urząd statystyczny,
       b) nabór kandydatów na rachmistrzów spisowych,
       c) przeprowadzenie szkolenia rachmistrzów spisowych,
       d) rozdział druków spisowych,
       e) nadzorowanie czynności spisowych,
       f) kontrola kompletności kwestionariuszy spisowych w obwodach spisowych
         oraz kontrola kompletności zapisów na kwestionariuszach 
         spisowych,
       g) sporządzenie zestawień wstępnych,
       h) uporządkowanie i przekazanie całości materiałów spisowych do 
         urzędu statystycznego.
 2. Nadzór merytoryczny nad realizacją zadań, o których mowa w ust. 1, 
   sprawuje dyrektor urzędu statystycznego województwa, na którego terenie 
   znajduje się gmina.
 3. Zadania, o których mowa w ust. 1, gminy realizują jako zadania zlecone z 
   zakresu administracji rządowej.
 4. Środki na wykonanie zadań zostaną przekazane gminom przez Główny 
   Urząd Statystyczny za pośrednictwem urzędów statystycznych - w terminach
   wyprzedzających o 30 dni prace, o których mowa w ust. 1 pkt 1 i 2 - 
   po zakończeniu prac, o których mowa w ust. 1 pkt 3; ostateczne rozliczenie
   nastąpi w terminie do dnia 30 września 1996 r."
Czyją własnością są zwierzęta łowne w stanie wolnym?;1995_713_2;"Zwierzęta łowne w stanie wolnym, jako dobro ogólnonarodowe, stanowią własność
Skarbu Państwa."
Jakie substancje słodzące mogą być stosowane przy produkcji wyrobów winiarskich?;2001_1401_7;"1. Przy produkcji wyrobów winiarskich mogą być stosowane wyłącznie następujące
  substancje słodzące:
   1) sacharoza w postaci cukru pół-białego, cukru białego, rafinowanego cukru
     białego,
   2) dekstroza,
   3) fruktoza,
   4) syrop glukozowy,
   5) cukier płynny,
   6) inwertowany cukier płynny,
   7) inwertowany syrop cukrowy,
   8) rektyfikowany zagęszczony moszcz gronowy,
   9) zagęszczony moszcz gronowy,
  10) świeży moszcz gronowy
  11) cukier palony,
  12) miód pszczeli,
  13) syrop ""carob"",
  14) inne naturalne substancje węglowodanowe, dozwolone na podstawie odrębnych
     przepisów, dające efekt podobny do substancji, o których mowa w pkt 1-13,
 - z zastrzeżeniem ust 3 i art. 24.
2. Słodzenie fermentowanych napojów winiarskich i aromatyzowanych napojów
  winiarskich może być wykonywane również innymi substancjami słodzącymi
  dozwolonymi na podstawie odrębnych przepisów.
3. Miody pitne mogą być dosładzane wyłącznie miodem pszczelim lub sacharozą."
