passage_id,question,has_answer,passage
2001_1441_6,Na ile wydawna jest licencja na statek rybacki?,True,"1. Licencję, na wniosek armatora, wydaje minister właściwy do spraw   rolnictwa. 2. Licencja jest wydawana armatorowi, na statek rybacki, na okres od 1   roku do 5 lat. 3. W czasie wykonywania rybołówstwa morskiego licencja znajduje się na   tym statku rybackim, na który została wydana."
2000_6_1,Jakie zadania wykonują jednostki podległe Szefowi Biura Ochrony Rządu?,True,"1. Nadwiślańskie Jednostki Wojskowe Ministerstwa Spraw Wewnętrznych i   Administracji, Jednostka Wojskowa Nr 1004 - Biuro Ochrony Rządu - oraz   jednostki podległe Szefowi Biura Ochrony Rządu - JW. 1061, JW. 2610, JW.   2611, JW. 3049 - zwane dalej ""jednostkami wojskowymi""  - w celu ich   restrukturyzacji, pozostają podporządkowane ministrowi właściwemu do spraw   wewnętrznych do dnia 31 grudnia 2000r. 2. Jednostki wojskowe wykonują  w szczególności zadania w zakresie ochrony   osób oraz obiektów o szczególnym znaczeniu, a także zapewniają lotnicze   zabezpieczenie realizacji zadań z zakresu ochrony porządku publicznego i   ratownictwa. 3. W razie ogłoszenia mobilizacji i w czasie wojny jednostki wojskowe stają   się z mocy prawa częścią Sił Zbrojnych Rzeczypospolitej Polskiej."
1997_31_118,Co grozi za wprowadzanie do obrotu mięsa niezdatnego do spożycia?,True,"§1. Kto:                  1) dokonuje uboju zwierzęcia bez wymaganego zezwolenia                    lub niezgodnie z warunkami określonymi w                     tym zezwoleniu,                  2) usuwa części zwierzęcia przed wykonaniem wymaganego                    badania po uboju,                  3) nie poddaje mięsa badaniu, jeżeli takie badanie jest                     wymagane                  - podlega karze grzywny.              §2. Kto wprowadza do obrotu mięso:                  1) bez wymaganego oznakowania i świadectwa,                  2) o ograniczonej przydatności do spożycia lub niezdatne                    do spożycia, wbrew określonemu sposobowi jego                     wykorzystania                  - podlega karze aresztu albo grzywny.              §3. W razie popełnienia wykroczenia określonego w § 1 i 2,                  można orzec przepadek mięsa, chociażby nie stanowiło                  własności sprawcy wykroczenia.""."
2004_624_5,Kiedy Skarb Państwa może rozwiązać spółkę celową?,True,"1. Skarb Państwa rozwiązuje spółkę celową po zrealizowaniu celu, dla którego została utworzona. 2. Skarb Państwa może rozwiązać spółkę celową w przypadku niewykonywania lub nienależytego wykonywania zadań spółki. 3. Oświadczenie woli o rozwiązaniu spółki celowej składa w imieniu Skarbu Państwa minister właściwy do spraw finansów publicznych w formie aktu notarialnego. Oświadczenie woli o rozwiązaniu spółki celowej zastępuje uchwałę zgromadzenia wspólników o rozwiązaniu spółki."
1997_449_34,Czy funkcjonariusze Inspekcji Celnej mogą być wspólnikami w spółkach cywilnych?,True,"1. Funkcjonariusze Inspekcji Celnej nie mogą:     1) należeć do partii politycznych,     2) prowadzić działalności gospodarczej we własnym imieniu i na własny        rachunek,     3) posiadać udziałów w spółkach z ograniczoną odpowiedzialnością,     4) posiadać akcji w ilości zapewniającej 2% głosów na walnym zgromadzeniu       spółki akcyjnej,     5) być wspólnikami w spółkach cywilnych, jawnych lub komandytowych,     6) sprawować funkcji w podmiotach, których działalność jest związana z        obrotem towarów z zagranicą lub obrotem krajowym towarów pochodzących       z zagranicy, lub świadczyć pracy na rzecz tych podmiotów albo       na rzecz przedstawicielstw firm zagranicznych prowadzących działalność       na terytorium Rzeczypospolitej Polskiej.  2. Funkcjonariusze Inspekcji Celnej mogą wykonywać dodatkowe zajęcia zarobkowe    jedynie na zlecenie organów administracji państwowej za zgodą     Generalnego Inspektora Celnego lub w zakresie działalności publicystycznej    i dydaktycznej."
1997_557_90,Czy zamniętych zakładach karnych skazani mogą korzystać z własnych butów?,True,"W zakładzie karnym typu zamkniętego:     1) cele mieszkalne skazanych mogą być otwarte w porze dziennej przez        określony czas, jeżeli względy bezpieczeństwa nie stoją temu na przeszkodzie,     2) skazani mogą być zatrudniani poza terenem zakładu karnego w pełnym       systemie konwojowania,     3) zajęcia kulturalno-oświatowe i sportowe oraz nauczanie organizuje się        w obrębie zakładu karnego,     4) ruch skazanych po terenie zakładu karnego odbywa się w sposób zorganizowany       i pod dozorem,     5) skazani mogą korzystać z własnej bielizny i obuwia, a za zezwoleniem        dyrektora zakładu karnego, także z odzieży."
2004_574_52,Kto tworzy okręgowe inspektoraty rybołówstwa morskiego?,True,"1. Okręgowi inspektorzy rybołówstwa morskiego wykonują swoje zadania przy   pomocy okręgowych inspektoratów rybołówstwa morskiego. 2. Okręgowe inspektoraty rybołówstwa morskiego tworzy i znosi, w drodze   rozporządzenia, minister właściwy do spraw rolnictwa, mając na względzie   siedziby i terytorialny zakres działania okręgowych inspektorów rybołówstwa   morskiego oraz zwiększenie efektywności działania organów administracji   rybołówstwa morskiego. 3. Organizację okręgowego inspektoratu rybołówstwa morskiego określa statut   nadany, w drodze zarządzenia, przez ministra właściwego do spraw rolnictwa."
1997_553_288,"Na jaki okres może zostać pozbawiona wolności osoba, która niszczy cudzą rzecz?",True,"§ 1. Kto cudzą rzecz niszczy, uszkadza lub czyni niezdatną do użytku,         podlega karze pozbawienia wolności od 3 miesięcy do lat 5.  § 2. W wypadku mniejszej wagi, sprawca         podlega grzywnie, karze ograniczenia wolności albo pozbawienia           wolności do roku.  § 3. Karze określonej w § 1 podlega także ten, kto przerywa lub uszkadza       kabel podmorski albo narusza przepisy obowiązujące przy zakładaniu       lub naprawie takiego kabla.  § 4. Ściganie przestępstwa określonego w § 1 lub 2 następuje na wniosek       pokrzywdzonego."
1997_553_257,Jakiej karze podlega naruszanie czyjejś nietykalności cielesnej z powodu przynależności rasowej?,True,"Kto publicznie znieważa grupę ludności albo poszczególną osobę z powodu jej  przynależności narodowej, etnicznej, rasowej, wyznaniowej albo z powodu jej  bezwyznaniowości lub z takich powodów narusza nietykalność cielesną innej  osoby,         podlega karze pozbawienia wolności do lat 3."
1997_153_107,Które miasto jest siedzibą Krajowego Związku Kas?,True,1. Krajowy Związek Kas zrzesza regionalne i branżowe kasy.  2. Siedzibą Krajowego Związku Kas jest Warszawa.  3. Krajowy Związek Kas prowadzi działalność na podstawie ustawy i statutu     Krajowego Związku Kas.
2001_1353_15,Jakiego dnia ma miejsce Święto Żandarmerii Wojskowej?,True,Świętem Żandarmerii Wojskowej jest dzień 13 czerwca.
1995_5_15,Kto powołuje rachmistrzów spisowych?,True,"1. Spis przeprowadzą rachmistrze spisowi, powołani przez dyrektora wojewódzkiego    urzędu statystycznego na wniosek wójta, burmistrza lub prezydenta    miasta.  2. Rachmistrzowi spisowemu przysługuje ochrona prawna przewidziana dla     funkcjonariuszy publicznych."
2001_1354_22,Ile godzin na dobę może mieć maksymalnie czas pracy w pięciotygodniowym dniu pracy?,True,"Czas pracy w pięciodniowym tygodniu pracy nie może przekraczać 8 godzin na dobę i przeciętnie 40 godzin na tydzień w przyjętym okresie rozliczeniowym, nie dłuższym niż trzy miesiące, z zastrzeżeniem art. 23 ust. 1, 3 i 4."
2001_1070_6,Czy małżonkowie może być sędziami w tym samym wydziale sądu?,True,"Osoby pozostające ze sobą w stosunku pokrewieństwa w linii prostej lub powinowactwa w linii prostej albo w stosunku przysposobienia, małżonkowie oraz rodzeństwo nie mogą być sędziami, asesorami sądowymi ani referendarzami sądowymi w tym samym wydziale sądu."
1995_713_24,Na jakie obwody dzielą się obwody łowieckie?,True,"1. Obwody łowieckie dzielą się na obwody łowieckie leśne i polne.  2. Obwód łowiecki leśny jest to obszar, w którym grunty leśne stanowią co     najmniej 40% ogólnej powierzchni tego obszaru.  3. Obwód łowiecki polny jest to obszar, w którym grunty leśne stanowią     mniej niż 40% ogólnej powierzchni tego obszaru."
1995_488_28,Ile wynosi zasiłek porodowy?,True,"1. Zasiłek porodowy przysługuje w wysokości 20% przeciętnego miesięcznego   wynagrodzenia. Kwotę tę ustala się miesięcznie, poczynając od trzeciego   miesiąca kwartału kalendarzowego, na okres 3 miesięcy, na podstawie   przeciętnego wynagrodzenia z poprzedniego kwartału ogłaszanego dla celów   emerytalnych. 2. W przypadku objęcia ubezpieczeniem chorobowym z kilku tytułów zasiłek   porodowy przysługuje tylko z jednego tytułu. 3. W razie urodzenia więcej niż jednego dziecka podczas jednego porodu zasiłek   porodowy przysługuje na każde dziecko.                                   Rozdział 6                              Zasiłek macierzyński"
1998_1125_2,"Czy osoba, która odbyła staż urzędniczy w prokuraturze może zostać urzędnikiem?",True,"Urzędnikiem może być osoba, która:    1) korzysta z pełni praw cywilnych i publicznych,    2) nie była karana za przestępstwo popełnione umyślnie,    3) ma co najmniej średnie wykształcenie i zna dobrze język polski,    4) odbyła staż urzędniczy w sądzie lub w prokuraturze,    5) ma stan zdrowia pozwalający na zatrudnienie na określonym stanowisku,    6) cieszy się nieposzlakowaną opinią."
2001_1353_7,Jakie podmioty tworzą Żandarmerię Wojskową?,True,"1. Żandarmerię Wojskową tworzą:    1) Komenda Główna Żandarmerii Wojskowej,    2) terenowe jednostki organizacyjne Żandarmerii Wojskowej,    3) specjalistyczne jednostki organizacyjne Żandarmerii Wojskowej. 2. Terenowymi jednostkami organizacyjnymi Żandarmerii Wojskowej są:    1) oddziały Żandarmerii Wojskowej,    2) wydziały Żandarmerii Wojskowej,    3) placówki Żandarmerii Wojskowej. 3. Minister Obrony Narodowej, w drodze zarządzenia, tworzy, przekształca i   znosi terenowe oraz specjalistyczne jednostki organizacyjne Żandarmerii   Wojskowej, a także określa ich organizację oraz szczegółowe zakresy i obszary   działania jednostek organizacyjnych Żandarmerii Wojskowej, z uwzględnieniem   struktury i rozmieszczenia Sił Zbrojnych oraz zadań Żandarmerii Wojskowej."
1998_1125_17,"Ile wynosi odprawa pracownika sądu w związku z przejściem na emeryturę, jeśli prawcował 15 lat w sądzie?",True,"Urzędnikowi albo innemu pracownikowi sądu lub prokuratury, którego stosunek pracy ustał w związku z przejściem na rentę z tytułu niezdolności do pracy lub na emeryturę, przysługuje jednorazowa odprawa w wysokości: 1) dwumiesięcznego wynagrodzenia - po 10 latach pracy w sądzie lub   prokuraturze, 2) trzymiesięcznego wynagrodzenia - po 15 latach pracy w sądzie lub   prokuraturze, 3) sześciomiesięcznego wynagrodzenia - po 20 latach pracy w sądzie lub   prokuraturze."
1995_446_18,Kiedy dopuszczenie środka do ochrony roślin do obrotu może zostać cofnięte?,True,"Zezwolenie na dopuszczenie środka ochrony roślin do obrotu i stosowania  podlega cofnięciu w razie nieprzestrzegania zawartych w nim warunków, stwierdzenia nieprzydatności środka ochrony roślin do zastosowania zgodnie z jego  przeznaczeniem lub ujawnienia nieznanych dotychczas okoliczności dotyczących szkodliwego działania środka ochrony roślin dla zdrowia ludzi i zwierząt  oraz środowiska."
1997_539_19,Czy w każdej gminie musi znajdować się biblioteka publiczna?,True,"1. Biblioteki publiczne organizowane są w sposób zapewniający mieszkańcom     dogodny dostęp do materiałów bibliotecznych i informacji. W tym celu w     każdym województwie jest organizowana i prowadzona wojewódzka biblioteka    publiczna, a w każdej gminie co najmniej jedna gminna (komunalna)     biblioteka publiczna, wraz z odpowiednią liczbą filii i oddziałów oraz punktów    bibliotecznych.  2. Biblioteki publiczne mogą zawierać, za zgodą organizatora, porozumienia     z innymi bibliotekami i instytucjami w sprawie wspólnego prowadzenia obsługi    bibliotecznej określonych środowisk."
2001_298_45,"Czy na pierwszy stopień oficerski może zostać mianowana osoba, posiadająca wykształcenie średnie?",True,"Na pierwszy stopień oficerski może być mianowany funkcjonariusz, który posiada wykształcenie wyższe i odbył przeszkolenie specjalistyczne."
1996_2_23,W jakiej formie powinna zostać sporządzona umowa kredytu?,True,"Umowa pożyczki lub kredytu, niezależnie od wartości pożyczki lub kredytu,  powinna być sporządzona w formie pisemnej pod rygorem nieważności."
1996_140_3,"Kto nadaje medal ""Siły Zbrojne w Służbie Ojczyzny""?",True,"1. Medal ""Siły Zbrojne w Służbie Ojczyzny"" nadaje Minister Obrony Narodowej    z okazji Święta Wojska Polskiego.  2. Osoba, której nadano Medal ""Siły Zbrojne w Służbie Ojczyzny"", otrzymuje     odznakę Medalu i legitymację potwierdzającą jego nadanie."
1997_553_153,"Na jaki okres może zostać pozbawiona wolności osoba, która bez zgody kobiety ciężarnej przerywa jej ciąże?",True,"§ 1. Kto stosując przemoc wobec kobiety ciężarnej lub w inny sposób bez       jej zgody przerywa ciążę albo przemocą, groźbą bezprawną lub podstępem      doprowadza kobietę ciężarną do przerwania ciąży,         podlega karze pozbawienia wolności od 6 miesięcy do lat 8.  § 2. Kto dopuszcza się czynu określonego w § 1, gdy płód osiągnął zdolność       do samodzielnego życia poza organizmem kobiety ciężarnej,         podlega karze pozbawienia wolności od roku do lat 10."
1997_553_201,Co grozi za obcowanie płciowe z rodzeństwem?,True,"Kto dopuszcza się obcowania płciowego w stosunku do wstępnego, zstępnego,  przysposobionego, przysposabiającego, brata lub siostry,          podlega karze pozbawienia wolności od 3 miesięcy do lat 5."
2003_1750_150,Czy żółnieżowi pełniącemu służbę kandydacką przysługuje bezpłatne świadczenie zdrowotne w przypadku ogłoszenia mobilizacji?,True,"W razie ogłoszenia mobilizacji, ogłoszenia stanu wojennego i w czasie wojny żołnierzowi zawodowemu i żołnierzowi pełniącemu służbę kandydacką przysługują bezpłatne świadczenia zdrowotne. Koszty tych świadczeń pokrywa się z budżetu państwa."
2000_1099_57,Jaką karę można otrzymać za nielegalne prowadzenie przedsiębiorstwa maklerskiego?,True,"Kto bez wymaganego zezwolenia lub wbrew jego warunkom prowadzi giełdę, giełdową izbę rozrachunkową lub przedsiębiorstwo maklerskie, podlega grzywnie, karze ograniczenia wolności albo pozbawienia wolności do lat 2."
1997_739_2,Kogo można nazwać cudzoziemcem?,True,"Cudzoziemcem jest każdy, kto nie posiada obywatelstwa polskiego."
1997_555_208,"Kto powinien dokonywać badań ciała, jeżeli może ono wywoływać uczucie wstydu?",True,"Oględzin lub badań ciała, które mogą wywołać uczucie wstydu, powinna dokonać osoba tej samej płci, chyba że łączą się z tym szczególne trudności; inne  osoby odmiennej płci mogą być obecne tylko w razie konieczności."
2002_1070_28,"Czy na pierwszy stopień oficerski może zostać mianowana osoba, posiadająca wykształcenie średnie?",True,"Warunkiem mianowania na pierwszy stopień w korpusie oficerów jest pozytywna opinia służbowa, zajmowanie stanowiska, z którym związany jest stopień oficera, posiadanie wyższego wykształcenia oraz zdanie egzaminu na oficera."
2001_1441_63,Kto tworzy okręgowe inspektoraty rybołówstwa morskiego?,True,"1. Okręgowe inspektoraty rybołówstwa morskiego tworzy i znosi, w drodze   rozporządzenia, minister właściwy do spraw rolnictwa, mając na   względzie zwiększenie efektywności działania organów administracji   rybołówstwa morskiego. 2. Organizację okręgowego inspektoratu rybołówstwa morskiego określa   statut nadany, w drodze zarządzenia, przez ministra właściwego do spraw   rolnictwa."
1995_439_28,Kto powołuje rachmistrzów spisowych?,True,"1. Główny Urząd Statystyczny powołuje rachmistrzów spisowych, ankieterów    statystycznych, rzeczoznawców i społecznych korespondentów statystycznych. 2. Zadaniem rachmistrzów spisowych jest zbieranie danych statystycznych w    spisach powszechnych, a ankieterów statystycznych zbieranie danych statystycznych   w innych badaniach w formie odpowiedzi na pytania zawarte w formularzach,   kwestionariuszach i ankietach statystycznych. 3. Rachmistrzom spisowym i ankieterom statystycznym w czasie wykonywania    czynności określonych w ust. 2, przysługuje ochrona prawna przewidziana    dla funkcjonariuszy publicznych. 4. Zadaniem rzeczoznawców i społecznych korespondentów statystycznych jest    przygotowywanie opinii i ocen dotyczących określonego przedmiotu badań    statystycznych. 5. Prezes Głównego Urzędu Statystycznego określa, w drodze zarządzenia,    tryb powoływania rachmistrzów spisowych, ankieterów statystycznych, rzeczoznawców   i społecznych korespondentów statystycznych oraz ich udział w    prowadzonych badaniach statystycznych."
2004_574_12,Na ile wydawna jest licencja na statek rybacki?,False,"1. Licencję wydaje minister właściwy do spraw rolnictwa na wniosek armatora   statku rybackiego. 2. Wniosek o wydanie licencji składa się do ministra właściwego do spraw   rolnictwa za pośrednictwem właściwego okręgowego inspektora rybołówstwa   morskiego. 3. Licencja na statek rybacki wpisany do rejestru wydawana jest na czas   nieokreślony. 4. Wniosek o wydanie licencji zawiera:    1) imię, nazwisko, określenie miejsca zamieszkania i adres albo nazwę,      określenie siedziby i adres armatora statku rybackiego;    2) numer identyfikacyjny statku rybackiego;    3) oznakę rybacką. 5. W czasie wykonywania rybołówstwa morskiego licencja powinna znajdować się na   statku rybackim, na który została wydana, z wyłączeniem statków rybackich o   długości całkowitej poniżej 10 m."
2001_1441_9,Na ile wydawna jest licencja na statek rybacki?,False,"1. Licencja zawiera:    1) imię, nazwisko, miejsce zamieszkania i adres albo nazwę, siedzibę i      adres armatora statku rybackiego,    2) dane dotyczące statku rybackiego:      a) rodzaj statku,      b) międzynarodowy sygnał wywoławczy,      c) oznakę rybacką, nazwę oraz port macierzysty,      d) długość całkowitą statku,      e) moc silnika,      f) pojemność brutto,    3) okres ważności licencji,    4) rodzaj i ilość narzędzi połowowych,    5) numer identyfikacyjny statku rybackiego wpisany do rejestru, o      którym mowa w art. 58 ust. 1,    6) rejon połowów. 2. Minister właściwy do spraw rolnictwa określi, w drodze rozporządzenia,   wzór licencji, mając na względzie usprawnienie kontroli wykonywania   rybołówstwa morskiego."
2004_574_12,Na ile wydawna jest licencja na statek rybacki?,False,"1. Licencję wydaje minister właściwy do spraw rolnictwa na wniosek armatora   statku rybackiego. 2. Wniosek o wydanie licencji składa się do ministra właściwego do spraw   rolnictwa za pośrednictwem właściwego okręgowego inspektora rybołówstwa   morskiego. 3. Licencja na statek rybacki wpisany do rejestru wydawana jest na czas   nieokreślony. 4. Wniosek o wydanie licencji zawiera:    1) imię, nazwisko, określenie miejsca zamieszkania i adres albo nazwę,      określenie siedziby i adres armatora statku rybackiego;    2) numer identyfikacyjny statku rybackiego;    3) oznakę rybacką. 5. W czasie wykonywania rybołówstwa morskiego licencja powinna znajdować się na   statku rybackim, na który została wydana, z wyłączeniem statków rybackich o   długości całkowitej poniżej 10 m."
2001_1441_2,Na ile wydawna jest licencja na statek rybacki?,False,"Użyte w ustawie określenia oznaczają:    1) aktywność połowowa statku rybackiego - czas, w którym dany statek      rybacki znajduje się w określonym rejonie połowu w danym roku      kalendarzowym,    2) kwota połowowa - maksymalną liczbę lub masę organizmów morskich      poszczególnych gatunków, wyodrębnioną w ramach ogólnej kwoty      połowowej, udostępnioną do odłowienia posiadaczowi specjalnego      zezwolenia połowowego w określonym czasie,    3) licencja połowowa, zwana dalej ""licencją"" - zezwolenie w rozumieniu      przepisów ustawy z dnia 19 listopada 1999 r. - Prawo działalności      gospodarczej (Dz.U. Nr 101, poz. 1178, z 2000 r. Nr 86, poz. 958 i      Nr 114, poz. 1193 oraz z 2001 r. Nr 49, poz. 509 i Nr 67, poz. 679),    4) nakład połowowy floty - liczbę statków rybackich poszczególnych      rodzajów, przy użyciu których może być wykonywane rybołówstwo      morskie w danym roku kalendarzowym, w określonym rejonie połowu,    5) ogólna kwota połowowa - wielkość wskazującą, jaka część stada      organizmów morskich określonego gatunku może być wyłowiona w danym      rejonie połowu w określonym czasie,    6) połowy ukierunkowane - połowy prowadzone z wykorzystaniem      określonej techniki połowu lub sprzętu połowowego, których celem      jest pozyskanie organizmów morskich ściśle określonych gatunków,    7) produkty rybołówstwa morskiego - organizmy morskie pochodzące z      połowu, chowu lub hodowli, niezależnie od stopnia ich przetworzenia,    8) przyłów - część połowu obejmującą organizmy morskie poszczególnych      gatunków, które nie są celem połowów ukierunkowanych,    9) rybołówstwo morskie - połów w morzu lub skup organizmów morskich      w celach zarobkowych, połów w morzu lub skup organizmów morskich w      celach naukowo-badawczych, połów w celach szkoleniowych, połów w      celach sportowo-rekreacyjnych, zarybianie, chów, hodowlę ryb i      innych organizmów morskich,   10) specjalne zezwolenie połowowe - podstawowe uprawnienie rybackie      wydane armatorowi na statek rybacki w celu uzupełnienia licencji, a      tym samym umożliwiające wykonywanie działalności połowowej w      określonym czasie, na określonym obszarze i w ramach określonego      rodzaju rybołówstwa morskiego,   11) statek rybacki - statek przeznaczony do połowu, skupu, przetwórstwa      lub transportu organizmów morskich, do celów szkoleniowych oraz      naukowo-badawczych w zakresie rybołówstwa morskiego,   12) wprowadzenie do obrotu - wyładunek, transport i magazynowanie      produktów rybołówstwa morskiego na lądzie do czasu przeniesienia po      raz pierwszy prawa własności, z wyłączeniem przeładunku ze statku na      statek w morzu,   13) żywe zasoby morza - zasoby żywych organizmów morskich, łącznie z      organizmami gatunków dwuśrodowiskowych w okresie ich życia w wodach      morskich, stanowiące bazę surowcową rybołówstwa morskiego."
2001_298_7,Jakie zadania wykonują jednostki podległe Szefowi Biura Ochrony Rządu?,False,"Szef BOR kieruje BOR i zapewnia sprawne oraz efektywne wykonywanie jego zadań, w szczególności poprzez:    1) organizowanie ochrony,    2) prowadzenie polityki kadrowej,    3) określanie oraz wykonywanie programu szkolenia funkcjonariuszy i      doskonalenia zawodowego pracowników, a także zapewnianie im      właściwych warunków i trybu szkolenia,    4) współdziałanie z centralnymi organami administracji rządowej      podległymi ministrowi właściwemu do spraw wewnętrznych, jednostkami      organizacyjnymi podporządkowanymi, podległymi oraz nadzorowanymi      przez ministra właściwego do spraw wewnętrznych lub Ministra Obrony      Narodowej oraz innymi organami administracji rządowej i samorządu      terytorialnego w zakresie zadań realizowanych przez BOR i te      organy."
1997_740_13,Jakie zadania wykonują jednostki podległe Szefowi Biura Ochrony Rządu?,False,"Minister Spraw Wewnętrznych i Administracji określi, w drodze rozporządzenia, dla wewnętrznych służb ochrony:    1) szczegółowe zasady oraz tryb ich tworzenia,    2) strukturę organizacyjną, zakres działania i sposób prowadzenia dokumentacji      ochronnej,    3) uzbrojenie i wyposażenie,    4) umundurowanie i odznaki służbowe oraz sposób tworzenia dla nich       nazw."
2001_298_9,Jakie zadania wykonują jednostki podległe Szefowi Biura Ochrony Rządu?,False,"Minister właściwy do spraw wewnętrznych określi, w drodze zarządzenia, przy uwzględnieniu zasad ochrony informacji niejawnych, szczegółową strukturę organizacyjną BOR."
2001_1381_22,Jakie zadania wykonują jednostki podległe Szefowi Biura Ochrony Rządu?,False,"1. W toku postępowania o udzielenie pozwolenia produkt leczniczy jest zgodnie z   art. 8 ust. 1 pkt 3, poddany badaniom jakościowym. 2. Badania, o których mowa w ust. 1, wykonują upoważnione przez ministra   właściwego do spraw zdrowia jednostki badawczo-rozwojowe. 3. Minister właściwy do spraw zdrowia określa, w drodze rozporządzenia   jednostki badawczo-rozwojowe podległe ministrowi właściwemu do spraw zdrowia,   zajmujące się badaniami produktów leczniczych, a w odniesieniu do produktów   leczniczych weterynaryjnych podległe ministrowi właściwemu do spraw   rolnictwa, uwzględniając zakres badań, o których mowa w ust. 1, jakie powinny   być wykonane dla oceny jakości produktu leczniczego."
2001_298_137,Jakie zadania wykonują jednostki podległe Szefowi Biura Ochrony Rządu?,False,"W ustawie z dnia 7 maja 1999 r. o odpowiedzialności majątkowej funkcjonariuszy Policji, Straży Granicznej, Państwowej Straży Pożarnej, Służby Więziennej i Urzędu Ochrony Państwa (Dz.U. Nr 53, poz. 548) wprowadza się następujące zmiany: 1) w tytule po wyrazach ""Straży Granicznej,"" dodaje się wyrazy ""Biura   Ochrony Rządu,""; 2) w art. 1:    a) w ust. 1 po wyrazach ""Straży Granicznej,"" dodaje się wyrazy ""Biura      Ochrony Rządu,"",    b) w ust. 2 w pkt 1 po wyrazach ""funkcjonariusza Straży Granicznej,""      dodaje się wyrazy ""funkcjonariusza Biura Ochrony Rządu,""."
1997_31_29,Co grozi za wprowadzanie do obrotu mięsa niezdatnego do spożycia?,False,"1. W zależności od wyniku badania mięsa rozróżnia się i odpowiednio znakuje:     1) mięso zdatne do spożycia,     2) mięso o ograniczonej przydatności do spożycia,     3) mięso niezdatne do spożycia.  2. Mięso pozyskane ze zwierzęcia, którego uboju dokonano poza rzeźnią,     uznane za:     1) zdatne do spożycia,      2) o ograniczonej przydatności do spożycia, z wyjątkiem mięsa, którego        ocena wynika ze stwierdzenia podczas badania poubojowego zmian        wskazujących na chorobę zakaźną lub jej podejrzenie   - podlega dodatkowemu znakowaniu. Mięso takie może być użyte wyłącznie    na własne potrzeby posiadacza zwierzęcia i nie może być wprowadzone    do obrotu.  3. Mięso przeznaczone do spożycia może być wprowadzone do obrotu po     zaopatrzeniu w świadectwo przydatności do spożycia, wystawione przez rejonowego    lekarza weterynarii.   4. Lekarz weterynarii, który dokonał badania mięsa, określa sposób wykorzystania    mięsa o ograniczonej przydatności do spożycia lub niezdatnego do     spożycia albo nakazuje zniszczenie mięsa niezdatnego do spożycia."
2001_627_348,Co grozi za wprowadzanie do obrotu mięsa niezdatnego do spożycia?,False,"Kto narusza określony w art. 171 zakaz wprowadzania do obrotu produktów, które nie odpowiadają wymaganiom, o których mowa w art. 169 ust. 1,   podlega karze grzywny."
1997_31_29,Co grozi za wprowadzanie do obrotu mięsa niezdatnego do spożycia?,False,"1. W zależności od wyniku badania mięsa rozróżnia się i odpowiednio znakuje:     1) mięso zdatne do spożycia,     2) mięso o ograniczonej przydatności do spożycia,     3) mięso niezdatne do spożycia.  2. Mięso pozyskane ze zwierzęcia, którego uboju dokonano poza rzeźnią,     uznane za:     1) zdatne do spożycia,      2) o ograniczonej przydatności do spożycia, z wyjątkiem mięsa, którego        ocena wynika ze stwierdzenia podczas badania poubojowego zmian        wskazujących na chorobę zakaźną lub jej podejrzenie   - podlega dodatkowemu znakowaniu. Mięso takie może być użyte wyłącznie    na własne potrzeby posiadacza zwierzęcia i nie może być wprowadzone    do obrotu.  3. Mięso przeznaczone do spożycia może być wprowadzone do obrotu po     zaopatrzeniu w świadectwo przydatności do spożycia, wystawione przez rejonowego    lekarza weterynarii.   4. Lekarz weterynarii, który dokonał badania mięsa, określa sposób wykorzystania    mięsa o ograniczonej przydatności do spożycia lub niezdatnego do     spożycia albo nakazuje zniszczenie mięsa niezdatnego do spożycia."
1997_31_32,Co grozi za wprowadzanie do obrotu mięsa niezdatnego do spożycia?,False,"Minister Rolnictwa i Gospodarki Żywnościowej określi, w drodze rozporządzenia:     1) sposób badania zwierząt rzeźnych, badania, oceny i znakowania mięsa,        wykorzystania mięsa o ograniczonej przydatności do spożycia, mięsa        niezdatnego do spożycia oraz prowadzenia dokumentacji z tym związanej,     2) szczegółowe warunki weterynaryjne wymagane przy prowadzeniu poszczególnych       rodzajów działalności wymienionych w art. 31 ust. 1."
1997_31_10,Co grozi za wprowadzanie do obrotu mięsa niezdatnego do spożycia?,False,"Zabrania się:     1) przywozu z zagranicy lub przewozu przez terytorium Rzeczypospolitej        Polskiej zwierząt chorych, podejrzanych o zakażenie, zwłok zwierzęcych       i ich części oraz innych rzeczy, które mogą przenosić chorobę        zakaźną,     2) przywozu z zagranicy mięsa mechanicznie odkostnionego, mięsa niezdatnego       lub o ograniczonej przydatności do spożycia,     3) przywozu z zagranicy mięsa przez inne przejścia graniczne niż określone       w trybie przewidzianym w art. 14 ust. 6."
2004_624_6,Kiedy Skarb Państwa może rozwiązać spółkę celową?,False,"Spółka celowa nie może: 1)     prowadzić działalności niezwiązanej z wykonywaniem zadań spółki; 2)     tworzyć innych podmiotów; 3)     nabywać akcji, udziałów lub podobnych tytułów uczestnictwa w innych podmiotach."
2004_42_15,Kiedy Skarb Państwa może rozwiązać spółkę celową?,False,"Do spółki celowej nie stosuje się przepisów ustawy z dnia 1 grudnia 1995 r. o wpłatach z zysku przez jednoosobowe spółki Skarbu Państwa (Dz. U. Nr 154, poz. 792 oraz z 2006 r. Nr 183, poz. 1353)."
2004_42_11,Kiedy Skarb Państwa może rozwiązać spółkę celową?,False,"1.   Skarb Państwa może rozwiązać spółkę celową:  1)   po zrealizowaniu wszystkich przedsięwzięć Euro 2012 powierzonych spółce celowej w umowie, o której mowa w art. 17 ust. 1, albo 2)   w przypadku niewykonywania lub nienależytego wykonywania, w całości lub części, przedsięwzięć Euro 2012 powierzonych spółce celowej w umowie, o której mowa w art. 17 ust. 1. 2.   Oświadczenie woli o rozwiązaniu spółki celowej składa w imieniu Skarbu Państwa minister właściwy do spraw kultury fizycznej i sportu w formie aktu notarialnego. Oświadczenie woli o rozwiązaniu spółki celowej  zastępuje uchwałę zgromadzenia wspólników o rozwiązaniu spółki. 3.   Spółki celowej nie rozwiązuje się, jeżeli, za zgodą ministra właściwego do spraw kultury fizycznej i sportu, właściwy podmiot powierzył spółce celowej zarządzanie obiektami budowlanymi powstałymi w wyniku realizacji przedsięwzięć Euro 2012, nie później jednak niż do dnia 31 grudnia 2012  r.  4.   Rada Ministrów określi, w drodze rozporządzenia, warunki powierzania spółce celowej zarządzania obiektami budowlanymi powstałymi w wyniku realizacji przedsięwzięć Euro 2012, w sposób zapewniający należyte wykorzystanie tych obiektów, z uwzględnieniem przepisów dotyczących pomocy publicznej."
2004_42_21,Kiedy Skarb Państwa może rozwiązać spółkę celową?,False,"Do umów zawartych przez spółkę celową przed dniem zakończenia finałowego turnieju Mistrzostw Europy w Piłce Nożnej UEFA EURO 2012 stosuje się odpowiednio art. 5 ustawy z dnia 29 stycznia 2004 r. – Prawo zamówień publicznych, pod warunkiem że termin wygaśnięcia tych umów upłynie do dnia 31 grudnia 2012 r."
1997_449_33,Czy funkcjonariusze Inspekcji Celnej mogą być wspólnikami w spółkach cywilnych?,False,Funkcjonariusze Inspekcji Celnej w związku z wykonywaniem czynności służbowych korzystają z ochrony przewidzianej w Kodeksie karnym dla funkcjonariuszy publicznych.
1995_446_47,Czy funkcjonariusze Inspekcji Celnej mogą być wspólnikami w spółkach cywilnych?,False,Pracownicy Inspekcji podczas wykonywania czynności służbowych w miejscach  odpraw celnych są obowiązani do noszenia munduru i odznaki Inspekcji.
1999_802_48,Czy funkcjonariusze Inspekcji Celnej mogą być wspólnikami w spółkach cywilnych?,False,"Funkcjonariusze celni mogą się zrzeszać w związkach zawodowych na zasadach określonych w ustawie z dnia 23 maja 1991r. o związkach zawodowych (Dz. U. Nr 55, poz. 234, z 1994r. Nr 43, poz. 163, z 1996r. Nr 1, poz. 2, Nr 24, poz. 110, Nr 61, poz. 283, Nr 75, poz. 355, Nr 152, poz. 723 oraz z 1997r. Nr 82, poz. 518, Nr 88, poz. 554, Nr 96, poz. 589 i Nr 121, poz. 769).                                                                           Rozdział 11         Uposażenie i inne świadczenia pieniężne funkcjonariuszy celnych"
2001_1189_12,Czy funkcjonariusze Inspekcji Celnej mogą być wspólnikami w spółkach cywilnych?,False,"Do pracy w Centrum mogą być, na zasadach określonych w odrębnych przepisach, oddelegowywani żołnierze oraz funkcjonariusze Policji, Straży Granicznej, Inspekcji Celnej lub Służby Więziennej, jak również pracownicy i funkcjonariusze podmiotów uprawnionych.                                                                           Rozdział 3                Informacje kryminalne, ich rejestracja i ochrona"
1997_449_8,Czy funkcjonariusze Inspekcji Celnej mogą być wspólnikami w spółkach cywilnych?,False,"1. W toku wykonywania czynności służbowych funkcjonariusze Inspekcji Celnej    są obowiązani do poszanowania godności człowieka oraz respektowania    innych praw i wolności obywatelskich.  2. Funkcjonariusze Inspekcji Celnej są obowiązani do wykonywania czynności     służbowych w sposób możliwie najmniej naruszający dobra osobiste i majątkowe    osób i podmiotów gospodarczych, których te czynności dotyczą.  3. Zatrzymanie osoby może być zastosowane tylko wówczas, gdy inne środki     pozostające w dyspozycji organów i funkcjonariuszy Inspekcji Celnej okazały    się bezcelowe lub nieskuteczne.  4. W razie uzasadnionej potrzeby należy zatrzymaną osobę niezwłocznie     poddać badaniu lekarskiemu lub udzielić jej pierwszej pomocy medycznej.  5. Zatrzymanie pojazdów mechanicznych i innych środków przewozowych     może być dokonywane tylko przez umundurowanych funkcjonariuszy Inspekcji    Celnej, znajdujących się w pobliżu oznakowanego pojazdu służbowego."
1997_557_92,Czy zamniętych zakładach karnych skazani mogą korzystać z własnych butów?,False,"W zakładzie karnym typu otwartego:     1) cele mieszkalne skazanych pozostają otwarte przez całą dobę,     2) skazanych zatrudnia się przede wszystkim poza terenem zakładu karnego,       bez konwojenta, na pojedynczych stanowiskach pracy,     3) skazanym można zezwalać na uczestniczenie w nauczaniu, szkoleniu        oraz zajęciach terapeutycznych organizowanych poza terenem zakładu        karnego,     4) skazani mogą brać udział w organizowanych przez administrację, poza        terenem zakładu karnego, grupowych zajęciach kulturalno-oświatowych       lub sportowych,     5) skazanym można zezwalać na udział w zajęciach i imprezach kulturalno-oświatowych       lub sportowych organizowanych poza terenem zakładu       karnego,     6) skazani mogą poruszać się po terenie zakładu karnego w czasie i miejscach       ustalonych w porządku wewnętrznym,     7) skazani mogą korzystać z własnej odzieży, bielizny i obuwia,     8) skazani mogą otrzymywać z depozytu zakładu karnego pieniądze pozostające       do ich dyspozycji,     9) skazanym można udzielać przepustek z zakładu karnego, nie częściej        niż raz w miesiącu, łącznie na okres nie przekraczający 28 dni w roku."
1997_557_91,Czy zamniętych zakładach karnych skazani mogą korzystać z własnych butów?,False,"W zakładzie karnym typu półotwartego:     1) cele mieszkalne skazanych pozostają otwarte w porze dziennej, natomiast       w porze nocnej mogą być zamknięte,     2) skazani mogą być zatrudniani poza terenem zakładu karnego w systemie       zmniejszonego konwojowania lub bez konwojenta, w tym również       na pojedynczych stanowiskach pracy,     3) skazanym można zezwalać na uczestniczenie w nauczaniu, szkoleniu        oraz w zajęciach terapeutycznych organizowanych poza terenem zakładu       karnego,     4) skazani mogą brać udział w organizowanych przez administrację poza        terenem zakładu karnego grupowych zajęciach kulturalno-oświatowych       lub sportowych,     5) skazani mogą poruszać się po terenie zakładu karnego w czasie i miejscach       ustalonych w porządku wewnętrznym,     6) skazani mogą korzystać z własnej odzieży, bielizny i obuwia,     7) skazanym można udzielać przepustek z zakładu karnego, nie częściej        niż raz na dwa miesiące, łącznie na okres nie przekraczający 14 dni w        roku."
1997_557_91,Czy zamniętych zakładach karnych skazani mogą korzystać z własnych butów?,False,"W zakładzie karnym typu półotwartego:     1) cele mieszkalne skazanych pozostają otwarte w porze dziennej, natomiast       w porze nocnej mogą być zamknięte,     2) skazani mogą być zatrudniani poza terenem zakładu karnego w systemie       zmniejszonego konwojowania lub bez konwojenta, w tym również       na pojedynczych stanowiskach pracy,     3) skazanym można zezwalać na uczestniczenie w nauczaniu, szkoleniu        oraz w zajęciach terapeutycznych organizowanych poza terenem zakładu       karnego,     4) skazani mogą brać udział w organizowanych przez administrację poza        terenem zakładu karnego grupowych zajęciach kulturalno-oświatowych       lub sportowych,     5) skazani mogą poruszać się po terenie zakładu karnego w czasie i miejscach       ustalonych w porządku wewnętrznym,     6) skazani mogą korzystać z własnej odzieży, bielizny i obuwia,     7) skazanym można udzielać przepustek z zakładu karnego, nie częściej        niż raz na dwa miesiące, łącznie na okres nie przekraczający 14 dni w        roku."
1997_557_92,Czy zamniętych zakładach karnych skazani mogą korzystać z własnych butów?,False,"W zakładzie karnym typu otwartego:     1) cele mieszkalne skazanych pozostają otwarte przez całą dobę,     2) skazanych zatrudnia się przede wszystkim poza terenem zakładu karnego,       bez konwojenta, na pojedynczych stanowiskach pracy,     3) skazanym można zezwalać na uczestniczenie w nauczaniu, szkoleniu        oraz zajęciach terapeutycznych organizowanych poza terenem zakładu        karnego,     4) skazani mogą brać udział w organizowanych przez administrację, poza        terenem zakładu karnego, grupowych zajęciach kulturalno-oświatowych       lub sportowych,     5) skazanym można zezwalać na udział w zajęciach i imprezach kulturalno-oświatowych       lub sportowych organizowanych poza terenem zakładu       karnego,     6) skazani mogą poruszać się po terenie zakładu karnego w czasie i miejscach       ustalonych w porządku wewnętrznym,     7) skazani mogą korzystać z własnej odzieży, bielizny i obuwia,     8) skazani mogą otrzymywać z depozytu zakładu karnego pieniądze pozostające       do ich dyspozycji,     9) skazanym można udzielać przepustek z zakładu karnego, nie częściej        niż raz w miesiącu, łącznie na okres nie przekraczający 28 dni w roku."
2004_574_51,Kto tworzy okręgowe inspektoraty rybołówstwa morskiego?,False,"1. Okręgowi inspektorzy rybołówstwa morskiego podlegają ministrowi właściwemu   do spraw rolnictwa. 2. Okręgowych inspektorów rybołówstwa morskiego powołuje i odwołuje minister   właściwy do spraw rolnictwa, po zasięgnięciu opinii właściwego miejscowo   wojewody. 3. Zastępców okręgowych inspektorów rybołówstwa morskiego powołuje i odwołuje   minister właściwy do spraw rolnictwa, na wniosek okręgowych inspektorów   rybołówstwa morskiego. 4. Minister właściwy do spraw rolnictwa w porozumieniu z ministrem właściwym do   spraw administracji publicznej określi, w drodze rozporządzenia, siedziby i   terytorialny zakres działania okręgowych inspektorów rybołówstwa morskiego,   mając na względzie zwiększenie efektywności działania tych organów."
2001_1441_63,Kto tworzy okręgowe inspektoraty rybołówstwa morskiego?,False,"1. Okręgowe inspektoraty rybołówstwa morskiego tworzy i znosi, w drodze   rozporządzenia, minister właściwy do spraw rolnictwa, mając na   względzie zwiększenie efektywności działania organów administracji   rybołówstwa morskiego. 2. Organizację okręgowego inspektoratu rybołówstwa morskiego określa   statut nadany, w drodze zarządzenia, przez ministra właściwego do spraw   rolnictwa."
2001_1441_62,Kto tworzy okręgowe inspektoraty rybołówstwa morskiego?,False,"1. Okręgowi inspektorzy rybołówstwa morskiego podlegają ministrowi   właściwemu do spraw rolnictwa. 2. Okręgowych inspektorów rybołówstwa morskiego powołuje i odwołuje   minister właściwy do spraw rolnictwa za zgodą właściwego miejscowo   wojewody. Zastępców okręgowych inspektorów rybołówstwa morskiego   powołuje i odwołuje minister właściwy do spraw rolnictwa na wniosek   okręgowych inspektorów rybołówstwa morskiego. 3. Minister właściwy do spraw rolnictwa określi, w drodze rozporządzenia,   siedziby i terytorialny zakres działania okręgowych inspektorów   rybołówstwa morskiego, mając na względzie zwiększenie efektywności   działania tych organów. 4. Okręgowi inspektorzy rybołówstwa morskiego wykonują swoje zadania przy   pomocy okręgowych inspektoratów rybołówstwa morskiego."
1997_553_281,"Na jaki okres może zostać pozbawiona wolności osoba, która niszczy cudzą rzecz?",False,"Kto, w celu utrzymania się w posiadaniu zabranej rzeczy, bezpośrednio po dokonaniu kradzieży, używa przemocy wobec osoby lub  grozi natychmiastowym  jej użyciem albo doprowadza człowieka do stanu nieprzytomności lub bezbronności,         podlega karze pozbawienia wolności od roku do lat 10."
1997_553_274,"Na jaki okres może zostać pozbawiona wolności osoba, która niszczy cudzą rzecz?",False,"Kto zbywa własny lub cudzy dokument stwierdzający tożsamość,         podlega grzywnie, karze ograniczenia wolności albo pozbawienia           wolności do lat 2."
1997_553_276,"Na jaki okres może zostać pozbawiona wolności osoba, która niszczy cudzą rzecz?",False,"Kto niszczy, uszkadza, czyni bezużytecznym, ukrywa lub usuwa dokument, którym nie ma prawa wyłącznie rozporządzać,         podlega grzywnie, karze ograniczenia wolności albo pozbawienia           wolności do lat 2."
2001_726_8,"Na jaki okres może zostać pozbawiona wolności osoba, która niszczy cudzą rzecz?",False,"1. Minister właściwy do spraw wewnętrznych, z własnej inicjatywy albo na   wniosek Komendanta Głównego Policji, może pozbawić Medalu osobę wyróżnioną,   jeżeli została ona skazana prawomocnym wyrokiem za przestępstwo popełnione   umyślnie, za które wymierzono karę pozbawienia wolności, ograniczenia   wolności albo grzywny. 2. Osoba, o której mowa w ust. 1, może zostać pozbawiona Medalu:    1) wszystkich stopni - w przypadku skazania za popełnienie zbrodni lub      występku,    2) najwyższego posiadanego stopnia - w przypadku popełnienia występku, za      który została wymierzona tylko kara grzywny."
1996_465_591,"Na jaki okres może zostać pozbawiona wolności osoba, która niszczy cudzą rzecz?",False,"Kto przy głosowaniu na walnym zgromadzeniu lub wykonywaniu praw mniejszości posługuje się:    1)  fałszywym zaświadczeniem o złożeniu akcji, uprawniającej do głosowania,    2)  cudzą akcją bez zgody właściciela,    3) cudzą akcją, która nie uprawnia jej właściciela do głosowania - podlega grzywnie, karze ograniczenia wolności albo pozbawienia wolności do roku."
1997_553_194,Jakiej karze podlega naruszanie czyjejś nietykalności cielesnej z powodu przynależności rasowej?,False,"Kto ogranicza człowieka w przysługujących mu prawach ze względu na jego  przynależność wyznaniową albo bezwyznaniowość,         podlega grzywnie, karze ograniczenia wolności albo pozbawienia           wolności do lat 2."
1997_553_217,Jakiej karze podlega naruszanie czyjejś nietykalności cielesnej z powodu przynależności rasowej?,False,"§ 1. Kto uderza człowieka lub w inny sposób narusza jego nietykalność cielesną,         podlega grzywnie, karze ograniczenia wolności albo pozbawienia           wolności do roku.  § 2. Jeżeli naruszenie nietykalności wywołało wyzywające zachowanie się       pokrzywdzonego albo jeżeli pokrzywdzony odpowiedział naruszeniem       nietykalności, sąd może odstąpić od wymierzenia kary.  § 3. Ściganie odbywa się z oskarżenia prywatnego.                                                                  Rozdział XXVIII     Przestępstwa przeciwko prawom osób wykonujących pracę zarobkową"
1997_553_119,Jakiej karze podlega naruszanie czyjejś nietykalności cielesnej z powodu przynależności rasowej?,False,"§ 1. Kto stosuje przemoc lub groźbę bezprawną wobec grupy osób lub poszczególnej      osoby z powodu jej przynależności narodowej, etnicznej, rasowej,      politycznej, wyznaniowej lub z powodu jej bezwyznaniowości,         podlega karze pozbawienia wolności od 3 miesięcy do lat 5.  § 2. Tej samej karze podlega, kto publicznie nawołuje do popełnienia przestępstwa      określonego w § 1."
1997_553_211,Jakiej karze podlega naruszanie czyjejś nietykalności cielesnej z powodu przynależności rasowej?,False,"Kto, wbrew woli osoby powołanej do opieki lub nadzoru, uprowadza lub zatrzymuje małoletniego poniżej lat 15 albo osobę nieporadną ze względu na jej  stan psychiczny lub fizyczny,         podlega karze pozbawienia wolności do lat 3.                                                                   Rozdział XXVII          Przestępstwa przeciwko czci i nietykalności cielesnej"
1997_153_109,Które miasto jest siedzibą Krajowego Związku Kas?,False,"Organami Krajowego Związku Kas są:    1) Rada Krajowego Związku Kas,    2) Zarząd Krajowego Związku Kas,    3) Prezes Zarządu Krajowego Związku Kas,    4) Komisja Rewizyjna Krajowego Związku Kas."
1997_153_123,Które miasto jest siedzibą Krajowego Związku Kas?,False,Statut Krajowego Związku Kas określa szczegółowo zadania i organizację jego  organów oraz ogólne zadania regionalnych i branżowych kas.                                Rozdział 7                Gospodarka finansowa Krajowego Związku Kas                    oraz regionalnych i branżowych kas
1997_153_109,Które miasto jest siedzibą Krajowego Związku Kas?,False,"Organami Krajowego Związku Kas są:    1) Rada Krajowego Związku Kas,    2) Zarząd Krajowego Związku Kas,    3) Prezes Zarządu Krajowego Związku Kas,    4) Komisja Rewizyjna Krajowego Związku Kas."
1997_153_120,Które miasto jest siedzibą Krajowego Związku Kas?,False,"1. Do zakresu działania Prezesa Zarządu Krajowego Związku Kas należy w     szczególności:    1) reprezentowanie Zarządu na zewnątrz,    2) zwoływanie posiedzeń Zarządu i przewodniczenie tym posiedzeniom,    3) wykonywanie uchwał Rady Krajowego Związku Kas i Zarządu,    4) zapewnienie obsługi technicznej i organizacyjno-finansowej organów       Krajowego Związku Kas.  2. Prezes Krajowego Związku Kas wykonuje za pracodawcę czynności w     sprawach z zakresu prawa pracy w stosunku do pracowników biura Krajowego    Związku Kas."
2001_1353_16,Jakiego dnia ma miejsce Święto Żandarmerii Wojskowej?,False,"Minister Obrony Narodowej określi, w drodze rozporządzenia, znak Żandarmerii Wojskowej, z uwzględnieniem przepisów o znakach Sił Zbrojnych Rzeczypospolitej Polskiej.                                    Rozdział 3              Uprawnienia i obowiązki żołnierzy Żandarmerii Wojskowej"
2001_1353_2,Jakiego dnia ma miejsce Święto Żandarmerii Wojskowej?,False,"Nazwa ""Żandarmeria Wojskowa"", jej skrót ""ŻW"" przysługuje wyłącznie służbie, o której mowa w art. 1 w ust. 1."
2001_1353_7,Jakiego dnia ma miejsce Święto Żandarmerii Wojskowej?,False,"1. Żandarmerię Wojskową tworzą:    1) Komenda Główna Żandarmerii Wojskowej,    2) terenowe jednostki organizacyjne Żandarmerii Wojskowej,    3) specjalistyczne jednostki organizacyjne Żandarmerii Wojskowej. 2. Terenowymi jednostkami organizacyjnymi Żandarmerii Wojskowej są:    1) oddziały Żandarmerii Wojskowej,    2) wydziały Żandarmerii Wojskowej,    3) placówki Żandarmerii Wojskowej. 3. Minister Obrony Narodowej, w drodze zarządzenia, tworzy, przekształca i   znosi terenowe oraz specjalistyczne jednostki organizacyjne Żandarmerii   Wojskowej, a także określa ich organizację oraz szczegółowe zakresy i obszary   działania jednostek organizacyjnych Żandarmerii Wojskowej, z uwzględnieniem   struktury i rozmieszczenia Sił Zbrojnych oraz zadań Żandarmerii Wojskowej."
2001_1353_6,Jakiego dnia ma miejsce Święto Żandarmerii Wojskowej?,False,1. Dowódcą Żandarmerii Wojskowej i przełożonym wszystkich żołnierzy Żandarmerii   Wojskowej jest Komendant Główny Żandarmerii Wojskowej. 2. Komendant Główny Żandarmerii Wojskowej podlega bezpośrednio Ministrowi   Obrony Narodowej. 3. Komendanta Głównego Żandarmerii Wojskowej i jego zastępcę wyznacza na   stanowisko służbowe i zwalnia z tego stanowiska Minister Obrony Narodowej.
2001_1353_44,Jakiego dnia ma miejsce Święto Żandarmerii Wojskowej?,False,"1. Na sposób zastosowania środków przymusu bezpośredniego i użycia broni palnej   przez żołnierzy Żandarmerii Wojskowej osobie, wobec której zostały   zastosowane te środki lub użyta ta broń, przysługuje zażalenie do prokuratora   wojskowej prokuratury garnizonowej właściwej ze względu na miejsce zdarzenia   w terminie 7 dni od dnia zdarzenia. 2. W sprawach, o których mowa w ust. 1, stosuje się odpowiednio przepisy o   postępowaniu karnym w sprawach podlegających orzecznictwu sądów wojskowych   dotyczące postępowania odwoławczego.                                    Rozdział  5                             Wojskowe organy porządkowe"
1995_439_28,Kto powołuje rachmistrzów spisowych?,False,"1. Główny Urząd Statystyczny powołuje rachmistrzów spisowych, ankieterów    statystycznych, rzeczoznawców i społecznych korespondentów statystycznych. 2. Zadaniem rachmistrzów spisowych jest zbieranie danych statystycznych w    spisach powszechnych, a ankieterów statystycznych zbieranie danych statystycznych   w innych badaniach w formie odpowiedzi na pytania zawarte w formularzach,   kwestionariuszach i ankietach statystycznych. 3. Rachmistrzom spisowym i ankieterom statystycznym w czasie wykonywania    czynności określonych w ust. 2, przysługuje ochrona prawna przewidziana    dla funkcjonariuszy publicznych. 4. Zadaniem rzeczoznawców i społecznych korespondentów statystycznych jest    przygotowywanie opinii i ocen dotyczących określonego przedmiotu badań    statystycznych. 5. Prezes Głównego Urzędu Statystycznego określa, w drodze zarządzenia,    tryb powoływania rachmistrzów spisowych, ankieterów statystycznych, rzeczoznawców   i społecznych korespondentów statystycznych oraz ich udział w    prowadzonych badaniach statystycznych."
2000_1072_5,Kto powołuje rachmistrzów spisowych?,False,"Formularz spisowy zawierający pytania do spisu:    1) w indywidualnych gospodarstwach rolnych stanowi załącznik nr 1 do ustawy,    2) u użytkowników działek rolnych i u właścicieli zwierząt gospodarskich      stanowi załącznik nr 2 do ustawy,    3) u osób prawnych i w jednostkach organizacyjnych nie mających osobowości      prawnej, określonych w art. 2 pkt 4 i 5, stanowi załącznik nr 3 do ustawy.                                                                                                                   Rozdział 2             Organizacja spisu,  obowiązki spisowe i ochrona danych"
1996_147_9,Kto powołuje rachmistrzów spisowych?,False,"1. Zadania gmin, w ramach prac związanych ze spisem, obejmują:     1) przygotowanie wykazów właścicieli zwierząt gospodarskich nie posiadających      użytków rolnych,    2) rozliczenie powierzchni gruntów użytkowanych w gminie,    3) zorganizowanie przeprowadzenia spisu na terenie gminy, we współdziałaniu      z urzędem statystycznym, w tym:        a) delegowanie pracowników urzędu gminy do prac spisowych i na           szkolenia organizowane przez urząd statystyczny,        b) nabór kandydatów na rachmistrzów spisowych,        c) przeprowadzenie szkolenia rachmistrzów spisowych,        d) rozdział druków spisowych,        e) nadzorowanie czynności spisowych,        f) kontrola kompletności kwestionariuszy spisowych w obwodach spisowych          oraz kontrola kompletności zapisów na kwestionariuszach           spisowych,        g) sporządzenie zestawień wstępnych,        h) uporządkowanie i przekazanie całości materiałów spisowych do           urzędu statystycznego.  2. Nadzór merytoryczny nad realizacją zadań, o których mowa w ust. 1,     sprawuje dyrektor urzędu statystycznego województwa, na którego terenie     znajduje się gmina.  3. Zadania, o których mowa w ust. 1, gminy realizują jako zadania zlecone z     zakresu administracji rządowej.  4. Środki na wykonanie zadań zostaną przekazane gminom przez Główny     Urząd Statystyczny za pośrednictwem urzędów statystycznych - w terminach    wyprzedzających o 30 dni prace, o których mowa w ust. 1 pkt 1 i 2 -     po zakończeniu prac, o których mowa w ust. 1 pkt 3; ostateczne rozliczenie    nastąpi w terminie do dnia 30 września 1996 r."
1995_5_11,Kto powołuje rachmistrzów spisowych?,False,"1. Zadania gmin w ramach prac związanych z organizacją i prowadzeniem     spisu obejmują:     1) wynikający z przepisów o podziale zadań i kompetencji między organy        gminy a organy administracji rządowej obowiązek zaktualizowania:        a) nazewnictwa ulic i placów oraz numeracji nieruchomości,        b) ewidencji ludności,     2) zadania zlecone z zakresu administracji rządowej zlecane niniejszą        ustawą:        a) zaktualizowanie wykazów nieruchomości i mieszkań w wylosowanych          obwodach spisowych,        b) zorganizowanie przeprowadzenia we współdziałaniu z wojewódzkim          urzędem statystycznym spisu na terenie gminy, w tym:           - delegowanie pracowników urzędu gminy do prac spisowych i              na szkolenia organizowane przez wojewódzki urząd statystyczny,           - werbunek kandydatów na rachmistrzów spisowych,           - rozdział druków spisowych,           - powiadamianie osób zamieszkałych w wylosowanych do spisu              mieszkaniach i gospodarstwach domowych,           - nadzorowanie przebiegu spisu,           - przyjmowanie od rachmistrzów spisowych formularzy spisowych,           - kontrola kompletności formularzy w obwodach spisowych oraz              zapisów na formularzach spisowych i ich przekazanie do wojewódzkiego             urzędu statystycznego.  2. Nadzór merytoryczny nad realizacją zadań, o których mowa w ust. 1 pkt 2,     sprawuje dyrektor wojewódzkiego urzędu statystycznego województwa, na     którego terenie znajduje się gmina.  3. Środki na wykonanie zadań, o których mowa w ust. 1 pkt 2, zostaną przekazane    przez Główny Urząd Statystyczny za pośrednictwem wojewódzkich     urzędów statystycznych sukcesywnie, po zakończeniu kolejnych etapów     prac; ostateczne rozliczenie nastąpi w terminie do dnia 31 lipca 1995 r."
2004_879_19,Ile godzin na dobę może mieć maksymalnie czas pracy w pięciotygodniowym dniu pracy?,False,"W uzasadnionych przypadkach w ramach systemu równoważnego czasu pracy, o którym mowa w art. 15, dopuszcza się stosowanie przerywanego czasu pracy określonego w art. 16, według z góry ustalonego rozkładu czasu pracy oraz z uwzględnieniem przepisów o obowiązkowym dobowym odpoczynku; rozkład czasu pracy powinien obejmować okres co najmniej miesiąca."
1995_59_69,Ile godzin na dobę może mieć maksymalnie czas pracy w pięciotygodniowym dniu pracy?,False,Pracownicy na stanowiskach administracyjnych i obsługi zatrudniani są na podstawie umowy o pracę.
2004_879_11,Ile godzin na dobę może mieć maksymalnie czas pracy w pięciotygodniowym dniu pracy?,False,"1. Czas pracy kierowcy nie może przekraczać 8 godzin na dobę i przeciętnie 40   godzin w przeciętnie pięciodniowym tygodniu pracy, w przyjętym okresie   rozliczeniowym nieprzekraczającym 4 miesięcy, z zastrzeżeniem art. 15 ust. 1   i 3-5. 2. Rozkłady czasu pracy kierowcy są ustalane na okresy nie krótsze niż 2   tygodnie, z zastrzeżeniem art. 19."
2001_1354_23,Ile godzin na dobę może mieć maksymalnie czas pracy w pięciotygodniowym dniu pracy?,False,"1. Do kierowców zatrudnionych w transporcie drogowym mogą być stosowane   rozkłady czasu pracy, w których jest dopuszczalne przedłużenie wymiaru czasu   pracy do 10 godzin na dobę, a do pozostałych kierowców do 12 godzin na dobę   - w ramach systemu równoważnego czasu pracy. 2. W systemie równoważnego czasu pracy wymiar czasu pracy przedłużony w   poszczególnych dniach, zostaje wyrównany skróconym czasem pracy w innych   dniach lub dniami wolnymi od pracy, z tym że w okresie rozliczeniowym czas   ten nie może przekraczać przeciętnie 40 godzin na tydzień. 3. Okres rozliczeniowy nie może być dłuższy niż miesiąc. W szczególnie   uzasadnionych przypadkach, po wyrażeniu na to zgody przez zakładową   organizację związkową, a jeżeli taka organizacja nie działa u danego   pracodawcy - po uprzednim zawiadomieniu właściwego inspektora pracy, okres   rozliczeniowy może być przedłużony, nie więcej jednak niż do trzech miesięcy. 4. Przy pracach uzależnionych od pory roku lub warunków atmosferycznych okres   rozliczeniowy może być przedłużony, w trybie określonym w ust. 3, nie więcej   jednak niż do sześciu miesięcy. 5. W systemie czasu pracy, o którym mowa w ust. 1-4, praca wykonywana:    1) w godzinach przekraczających przedłużony dobowy wymiar czasu pracy,      wynikający z obowiązującego pracownika rozkładu czasu pracy,    2) w godzinach przekraczających 8 godzin na dobę, jeżeli obowiązujący      pracownika rozkład czasu pracy przewiduje w danej dobie pracę przez 8      godzin lub przez czas krótszy niż 8 godzin,    3) w godzinach przekraczających przeciętną tygodniową normę czasu pracy w      przyjętym okresie rozliczeniowym, chyba że przekroczenie tej normy      nastąpiło w wyniku pracy w godzinach nadliczbowych, o których mowa w pkt 1      i 2, stanowi pracę w godzinach nadliczbowych."
2001_1070_79,Czy małżonkowie może być sędziami w tym samym wydziale sądu?,False,"Sędzia nie może, powołując się na zasadę niezawisłości sędziowskiej, uchylić się od wykonania poleceń w zakresie czynności administracyjnych, jeżeli z mocy przepisów ustawy należą do obowiązków sędziowskich, a także poleceń dotyczących sprawności postępowania sądowego; może jednak domagać się wydania polecenia na piśmie."
1997_555_95,Czy małżonkowie może być sędziami w tym samym wydziale sądu?,False,"Sąd orzeka na rozprawie w wypadkach przewidzianych przez ustawę, a w innych - na posiedzeniu. Orzeczenia podejmowane na posiedzeniu mogą zapadać również na rozprawie."
2001_1070_7a,Czy małżonkowie może być sędziami w tym samym wydziale sądu?,False,"Osoby pozostające ze sobą w stosunku pokrewieństwa w linii            prostej lub powinowactwa w linii prostej albo w stosunku            przysposobienia, małżonkowie oraz rodzeństwo nie mogą być sędziami            oraz asesorami sądowymi w tym samym sądzie.""; 5) rozdział 2 otrzymuje tytuł ""Samorząd sędziowski i organy sądów""; 6) art. 9 otrzymuje brzmienie:      """
2001_1070_46,Czy małżonkowie może być sędziami w tym samym wydziale sądu?,False,"§1. W składzie sądu może brać udział tylko jeden sędzia innego sądu. Sędzia      sądu niższego nie może być przewodniczącym składu sądu. Minister      Sprawiedliwości może jednak przyznać sędziemu sądu rejonowego,      delegowanemu do sądu okręgowego, prawo przewodniczenia w sprawach      rozpoznawanych przez ten sąd w pierwszej instancji, w składzie jednego      sędziego i dwóch ławników albo w składzie jednego sędziego.  §2. W tym samym składzie sądu nie mogą brać udziału osoby, o których mowa w      art. 6."
1995_713_26,Na jakie obwody dzielą się obwody łowieckie?,False,"W skład obwodów łowieckich nie wchodzą:     1) parki narodowe i rezerwaty przyrody,     2) tereny w granicach administracyjnych miast; jeżeli jednak granice te        obejmują większe obszary leśne lub rolne, z obszarów tych może być        utworzony obwód łowiecki lub mogą one być włączone do innych obwodów       łowieckich,     3) tereny zajęte przez miejscowości nie zaliczane do miast, w granicach        obejmujących zabudowania mieszkalne i gospodarcze z podwórzami,        placami i ulicami oraz drogami wewnątrz tych miejscowości,     4) budowle, zakłady i urządzenia, tereny przeznaczone na cele społeczne,        kultu religijnego, przemysłowe, handlowe, składowe, transportowe i        inne cele gospodarcze oraz obiekty o charakterze zabytkowym i specjalnym,       w granicach ich ogrodzeń."
1995_713_23,Na jakie obwody dzielą się obwody łowieckie?,False,"1. Obwód łowiecki stanowi obszar gruntów o ciągłej powierzchni nie mniejszy     niż trzy tysiące hektarów, na którego obszarze istnieją warunki do prowadzenia    łowiectwa.  2. W szczególnych przypadkach, uzasadnionych względami racjonalnej gospodarki    łowieckiej i warunkami terenowymi, mogą być tworzone, za zgodą     Ministra Ochrony Środowiska, Zasobów Naturalnych i Leśnictwa, obwody     łowieckie o mniejszej powierzchni."
1995_713_29,Na jakie obwody dzielą się obwody łowieckie?,False,"1. Obwody łowieckie wydzierżawiają na wniosek Polskiego Związku Łowieckiego,    po zasięgnięciu opinii zarządu gminy:     1) obwody łowieckie leśne - dyrektor regionalnej dyrekcji Państwowego        Gospodarstwa Leśnego Lasy Państwowe,     2) obwody łowieckie polne - wojewoda.  2. Obwody łowieckie wydzierżawia się na czas nie krótszy niż 10 lat. Po     upływie tego okresu dotychczasowemu dzierżawcy przysługuje pierwszeństwo    w zawarciu umowy dzierżawy na dalszy okres.  3. W przypadku podziału obwodu łowieckiego dotychczasowemu dzierżawcy     lub zarządcy przysługuje prawo wyboru dzierżawy lub zarządzania jednym     z obwodów łowieckich powstałych z podziału.  4. W przypadku podziału obwodu łowieckiego lub zmiany jego granic następuje    rozliczenie z jego dotychczasowym dzierżawcą lub zarządcą z tytułu     nadpłaconego czynszu dzierżawnego oraz nakładów na zagospodarowanie,     poniesionych w ostatnich 2 latach przed dokonaniem tego podziału lub     zmian. Kwotę ustaloną w rozliczeniu wypłaca ustępującemu dzierżawcy     lub zarządcy dzierżawca lub zarządca nowo utworzonego obwodu łowieckiego."
1995_713_22,Na jakie obwody dzielą się obwody łowieckie?,False,W sprawach nie uregulowanych w ustawie do koncesji stosuje się przepisy o  działalności gospodarczej.                                Rozdział 5                             Obwody łowieckie
1995_488_31,Ile wynosi zasiłek porodowy?,False,1. Miesięczny zasiłek macierzyński wynosi 100% podstawy wymiaru zasiłku. 2. Do zasiłku macierzyńskiego stosuje się odpowiednio przepisy art. 11 ust. 4   oraz art. 12 ust. 1 i ust. 2 pkt 1 i 3.                                   Rozdział 7                               Zasiłek opiekuńczy
1995_488_26,Ile wynosi zasiłek porodowy?,False,"Minister właściwy do spraw zabezpieczenia społecznego określi, w drodze rozporządzenia, szczegółowe zasady i tryb ustalania zasiłku wyrównawczego.                                   Rozdział 5                                Zasiłek porodowy"
1995_488_2,Ile wynosi zasiłek porodowy?,False,"Świadczenia pieniężne z ubezpieczenia społecznego w razie choroby i macierzyństwa, zwanego dalej ""ubezpieczeniem chorobowym"", obejmują:    1) zasiłek chorobowy,    2) świadczenie rehabilitacyjne,    3) zasiłek wyrównawczy,    4) zasiłek porodowy,    5) zasiłek macierzyński,    6) zasiłek opiekuńczy."
1995_488_26,Ile wynosi zasiłek porodowy?,False,"Minister właściwy do spraw zabezpieczenia społecznego określi, w drodze rozporządzenia, szczegółowe zasady i tryb ustalania zasiłku wyrównawczego.                                   Rozdział 5                                Zasiłek porodowy"
1998_1125_4,"Czy osoba, która odbyła staż urzędniczy w prokuraturze może zostać urzędnikiem?",False,1. Stosunek pracy z osobą ubiegającą się o przyjęcie na staż urzędniczy   nawiązuje się na podstawie umowy o pracę na czas określony. 2. Stosunek pracy z urzędnikiem nawiązuje się na podstawie umowy o pracę na   czas nie   określony.
1996_402_4,"Czy osoba, która odbyła staż urzędniczy w prokuraturze może zostać urzędnikiem?",False,"Urzędnikiem służby cywilnej może być osoba, która:    1) jest obywatelem polskim,    2) korzysta z pełni praw publicznych,    3) nie była karana za przestępstwo popełnione z winy umyślnej,    4) posiada kwalifikacje i predyspozycje wymagane do mianowania do       służby cywilnej,    5) jest nieskazitelnego charakteru,    6) ma stan zdrowia pozwalający na zatrudnienie w służbie cywilnej,    7) może być zatrudniona w pełnym wymiarze czasu pracy."
1998_1125_4,"Czy osoba, która odbyła staż urzędniczy w prokuraturze może zostać urzędnikiem?",False,1. Stosunek pracy z osobą ubiegającą się o przyjęcie na staż urzędniczy   nawiązuje się na podstawie umowy o pracę na czas określony. 2. Stosunek pracy z urzędnikiem nawiązuje się na podstawie umowy o pracę na   czas nie   określony.
1999_483_28,"Czy osoba, która odbyła staż urzędniczy w prokuraturze może zostać urzędnikiem?",False,"O uzyskanie mianowania w służbie cywilnej może ubiegać się osoba, która:    1) jest pracownikiem służby cywilnej,    2) odbyła służbę przygotowawczą, z zastrzeżeniem art. 27,    3) posiada co najmniej dwuletni staż pracy w służbie cywilnej,    4) posiada tytuł magistra lub równorzędny,    5) zna co najmniej jeden język obcy,    6) jest żołnierzem rezerwy lub nie podlega powszechnemu obowiązkowi obrony."
2001_1353_6,Jakie podmioty tworzą Żandarmerię Wojskową?,False,1. Dowódcą Żandarmerii Wojskowej i przełożonym wszystkich żołnierzy Żandarmerii   Wojskowej jest Komendant Główny Żandarmerii Wojskowej. 2. Komendant Główny Żandarmerii Wojskowej podlega bezpośrednio Ministrowi   Obrony Narodowej. 3. Komendanta Głównego Żandarmerii Wojskowej i jego zastępcę wyznacza na   stanowisko służbowe i zwalnia z tego stanowiska Minister Obrony Narodowej.
2001_1353_2,Jakie podmioty tworzą Żandarmerię Wojskową?,False,"Nazwa ""Żandarmeria Wojskowa"", jej skrót ""ŻW"" przysługuje wyłącznie służbie, o której mowa w art. 1 w ust. 1."
2001_1353_41,Jakie podmioty tworzą Żandarmerię Wojskową?,False,Żołnierze Żandarmerii Wojskowej w czasie wykonywania czynności służbowych i w związku z nimi korzystają z ochrony prawnej przewidzianej dla funkcjonariuszy publicznych.                                                                             Rozdział 4             Stosowanie środków przymusu bezpośredniego i broni palnej                            przez Żandarmerię Wojskową
1999_930_150,Jakie podmioty tworzą Żandarmerię Wojskową?,False,"§ 1. Określone w Kodeksie postępowania karnego obowiązki i uprawnienia Policji,      z wyjątkiem art. 214 § 6 i art. 663, dotyczą także innych organów      dochodzenia.  § 2. W razie potrzeby inny niż Policja organ dochodzenia może zwrócić się do      Policji z wnioskiem o udzielenie pomocy przy dokonaniu czynności      procesowej.  § 3. Czynność, o której mowa w art. 75 § 2 Kodeksu postępowania karnego,      dokonywana jest przez Policję, Straż Graniczną, Urząd Ochrony Państwa lub      Żandarmerię Wojskową, a gdy dochodzenie prowadzone jest przez finansowy      organ dochodzenia - przez Policję na żądanie tego organu.  § 4. Oprócz Policji, czynność, o której mowa w art. 244 § 1 Kodeksu      postępowania karnego, może być dokonana także przez Straż Graniczną, Urząd      Ochrony Państwa lub Żandarmerię Wojskową."
1998_1125_15,"Ile wynosi odprawa pracownika sądu w związku z przejściem na emeryturę, jeśli prawcował 15 lat w sądzie?",False,Urzędnikowi i innemu pracownikowi sądu lub prokuratury przysługuje dodatek za wieloletnią pracę w wysokości wynoszącej po 5 latach pracy 5  % miesięcznego wynagrodzenia zasadniczego. Dodatek ten wzrasta o 1  % za każdy dalszy rok pracy aż do osiągnięcia 20  % miesięcznego wynagrodzenia zasadniczego.
2004_2155_16,"Ile wynosi odprawa pracownika sądu w związku z przejściem na emeryturę, jeśli prawcował 15 lat w sądzie?",False,"Kierownikowi zespołu lub specjaliście, którego stosunek pracy ustał w związku z przejściem na rentę z tytułu niezdolności do pracy lub na emeryturę, przysługuje jednorazowa odprawa w wysokości: 1)     dwumiesięcznego wynagrodzenia – po 10 latach pracy w sądzie; 2)     trzymiesięcznego wynagrodzenia – po 15 latach pracy w sądzie; 3)     sześciomiesięcznego wynagrodzenia – po 20 latach pracy w sądzie."
2004_2155_16,"Ile wynosi odprawa pracownika sądu w związku z przejściem na emeryturę, jeśli prawcował 15 lat w sądzie?",False,"Kierownikowi zespołu lub specjaliście, którego stosunek pracy ustał w związku z przejściem na rentę z tytułu niezdolności do pracy lub na emeryturę, przysługuje jednorazowa odprawa w wysokości: 1)     dwumiesięcznego wynagrodzenia – po 10 latach pracy w sądzie; 2)     trzymiesięcznego wynagrodzenia – po 15 latach pracy w sądzie; 3)     sześciomiesięcznego wynagrodzenia – po 20 latach pracy w sądzie."
1996_402_59,"Ile wynosi odprawa pracownika sądu w związku z przejściem na emeryturę, jeśli prawcował 15 lat w sądzie?",False,"Urzędnikowi służby cywilnej, którego stosunek pracy ustał w związku z przejściem na rentę inwalidzką lub emeryturę, przysługuje jednorazowa odprawa w  wysokości trzymiesięcznego wynagrodzenia, a jeżeli urzędnik przepracował co  najmniej 20 lat w służbie cywilnej jednorazowa odprawa przysługuje w wysokości sześciomiesięcznego wynagrodzenia."
1995_446_19,Kiedy dopuszczenie środka do ochrony roślin do obrotu może zostać cofnięte?,False,"Środki ochrony roślin, znajdujące się w obrocie w dniu upływu ważności zezwolenia na dopuszczenie ich do obrotu i stosowania, powinny być wycofane z  obrotu."
1995_446_33,Kiedy dopuszczenie środka do ochrony roślin do obrotu może zostać cofnięte?,False,"W razie stwierdzenia, że środek ochrony roślin nie jest dopuszczony do obrotu  i stosowania, jest sfałszowany lub z innej przyczyny nie odpowiada ustalonym  wymaganiom jakościowym, wojewódzki inspektor nakazuje jego wycofanie z  obrotu i stosowania."
1995_446_17,Kiedy dopuszczenie środka do ochrony roślin do obrotu może zostać cofnięte?,False,"1. Zezwolenie na dopuszczenie środka ochrony roślin do obrotu i stosowania     wydaje się na okres 10 lat.  2. Minister Rolnictwa i Gospodarki Żywnościowej, po zasięgnięciu opinii Ministra    Zdrowia i Opieki Społecznej oraz Ministra Ochrony Środowiska,     Zasobów Naturalnych i Leśnictwa, w szczególnie uzasadnionych wypadkach,    może jednorazowo zezwolić na dopuszczenie do obrotu i stosowania,    na określonych warunkach, określonego środka ochrony roślin i w     określonej ilości, bez uprzedniego przeprowadzenia badań, o których mowa    w art. 15 ust. 2."
1995_446_16,Kiedy dopuszczenie środka do ochrony roślin do obrotu może zostać cofnięte?,False,"1. Zezwolenie na dopuszczenie środka ochrony roślin do obrotu i stosowania,     z zastrzeżeniem ust. 2, powinno określać w szczególności:     1) nazwę środka ochrony roślin i jego producenta,     2) zawartość substancji biologicznie czynnych, z określeniem ich nazw        chemicznych i zwyczajowych oraz ich producenta,     3) wymagania jakościowe środka ochrony roślin,     4) klasę toksyczności dla ludzi, pszczół i ryb,     5) treść etykiety-instrukcji stosowania w języku polskim.  2. Zezwolenie na dopuszczenie do obrotu i stosowania organizmów żywych     powinno określać w szczególności:     1) nazwę i charakterystykę organizmu żywego,     2) organizmy szkodliwe, przeciw którym organizm ten będzie stosowany,     3) treść etykiety-instrukcji stosowania w języku polskim."
1997_539_12,Czy w każdej gminie musi znajdować się biblioteka publiczna?,False,"Zadania, organizację oraz szczegółowy zakres działania biblioteki wchodzącej  w skład innej jednostki organizacyjnej określa regulamin nadany przez kierownika tej jednostki."
1997_539_4,Czy w każdej gminie musi znajdować się biblioteka publiczna?,False,"1. Do podstawowych zadań bibliotek należy:    1) gromadzenie, opracowywanie, przechowywanie i ochrona materiałów       bibliotecznych,    2) obsługa użytkowników, przede wszystkim udostępnianie zbiorów oraz       prowadzenie działalności informacyjnej, zwłaszcza informowanie o zbiorach      własnych, innych bibliotek, muzeów i ośrodków informacji naukowej,      a także współdziałanie z archiwami w tym zakresie.  2. Do zadań bibliotek może ponadto należeć prowadzenie działalności bibliograficznej,    dokumentacyjnej, naukowo-badawczej, wydawniczej, edukacyjnej,    popularyzatorskiej i instrukcyjno-metodycznej."
1999_688_9,Czy w każdej gminie musi znajdować się biblioteka publiczna?,False,"1. W miejscu zbierania podpisów obywateli, musi być wyłożony do wglądu   projekt ustawy. 2. Obywatel udziela poparcia projektowi ustawy składając na wykazie, obok   swojego imienia (imion) i nazwiska, adresu zamieszkania oraz numeru   ewidencyjnego PESEL, własnoręczny podpis. Na każdej stronie wykazu musi   znajdować się nazwa komitetu i tytuł projektu ustawy, której obywatel   udziela poparcia. 3. Wycofanie poparcia udzielonego projektowi ustawy jest nieskuteczne. 4. Wzór wykazu, o którym mowa w ust. 2, ustala, w drodze rozporządzenia,   Prezes Rady Ministrów po zasięgnięciu opinii Państwowej Komisji Wyborczej."
1998_602_28,Czy w każdej gminie musi znajdować się biblioteka publiczna?,False,"Zarządzenie wojewody ustalające liczbę radnych wybieranych do rad ogłasza się w wojewódzkim dzienniku urzędowym i podaje do publicznej wiadomości, w formie obwieszczenia, w każdej gminie najpóźniej w 55 dniu przed dniem wyborów. Po jednym egzemplarzu zarządzenia przekazuje się niezwłocznie każdej właściwej radzie i wojewódzkiemu komisarzowi wyborczemu oraz przesyła do Państwowej Komisji Wyborczej."
2002_1070_27,"Czy na pierwszy stopień oficerski może zostać mianowana osoba, posiadająca wykształcenie średnie?",False,"Mianowanie na stopień w korpusie podoficerów lub chorążych jest uzależnione od pozytywnej opinii służbowej i zajmowanego stanowiska służbowego, a ponadto zdania odpowiedniego egzaminu."
2002_1070_3,"Czy na pierwszy stopień oficerski może zostać mianowana osoba, posiadająca wykształcenie średnie?",False,"Funkcjonariuszem SKW albo SWW może być osoba: 1)   posiadająca wyłącznie obywatelstwo polskie; 2)   korzystająca z pełni praw publicznych; 3)   wykazująca nieskazitelną postawę moralną, obywatelską i patriotyczną; 4)   dająca rękojmię zachowania tajemnicy stosownie do wymogów określonych w przepisach o ochronie informacji niejawnych; 5)   posiadająca co najmniej średnie wykształcenie i określone kwalifikacje zawodowe oraz zdolność fizyczną i psychiczną do pełnienia służby."
2001_298_43,"Czy na pierwszy stopień oficerski może zostać mianowana osoba, posiadająca wykształcenie średnie?",False,Na pierwszy stopień oficerski oraz stopnie generalskie mianuje Prezydent Rzeczypospolitej Polskiej na wniosek ministra właściwego do spraw wewnętrznych. Na pozostałe stopnie oficerskie mianuje minister właściwy do spraw wewnętrznych.
1994_344_73,W jakiej formie powinna zostać sporządzona umowa kredytu?,False,Umowa w sprawie zamówienia publicznego zawarta zostaje z chwilą podpisania jej przez obie strony.
1996_465_23,W jakiej formie powinna zostać sporządzona umowa kredytu?,False,Umowa spółki powinna być zawarta na piśmie pod rygorem nieważności.
2001_1450_16,W jakiej formie powinna zostać sporządzona umowa kredytu?,False,"1. Umowa o świadczenie usług certyfikacyjnych powinna być sporządzona w formie   pisemnej pod rygorem nieważności. 2. Nieważność umowy o świadczenie usług certyfikacyjnych nie powoduje   nieważności certyfikatu, jeżeli przy jego wydaniu zostały spełnione wymogi   określone w art. 14 ust. 2 i 5 oraz uzyskano zgodę, o której mowa w art. 14   ust. 7."
2001_1545_84,W jakiej formie powinna zostać sporządzona umowa kredytu?,False,"§ 1. Umowa zawarta między właścicielem statku, a wierzycielem o ustanowieniu      hipoteki morskiej może przewidywać przejęcie przez wierzyciela      hipotecznego posiadania statku obciążonego hipoteką, łącznie z      upoważnieniem do jego sprzedaży, w celu zaspokojenia zabezpieczonej      wierzytelności z dochodu, jaki przynosi statek, lub z ceny uzyskanej z      jego sprzedaży. Umowa powinna określać wartość statku.  § 2. Umowa, o której mowa w § 1, powinna być sporządzona na piśmie, z podpisami      stron notarialnie poświadczonymi, i wpisana do rejestru okrętowego.  § 3. Zawarcie umowy, o której mowa w § 1, wymaga uprzedniej zgody pozostałych      wierzycieli hipotecznych wyrażonej na piśmie, z podpisami notarialnie      poświadczonymi."
2003_2276_13,"Kto nadaje medal ""Siły Zbrojne w Służbie Ojczyzny""?",False,"Wyróżnieniami dla pododdziałów, oddziałów i instytucji wojskowych są: 1) dyplom uznania; 2) wpisanie nazwy i osiągnięć pododdziału do kroniki jednostki wojskowej; 3) tytuł honorowy; 4) wpisanie nazwy i osiągnięć oddziału lub instytucji wojskowej do Księgi Honorowej Wojska Polskiego."
1999_936_2,"Kto nadaje medal ""Siły Zbrojne w Służbie Ojczyzny""?",False,"Medal Wojska Polskiego może być nadany osobom, które:    1) aktywnie wspierały na arenie międzynarodowej pokojową działalność      Wojska Polskiego,    2) przyczyniły się do rozwoju potencjału obronnego Rzeczypospolitej      Polskiej,    3) szczególnie zasłużyły się w dziedzinie współdziałania w ramach      jednostek wielonarodowych, w skład których wchodzą jednostki Wojska      Polskiego, w tym przede wszystkim w integrowaniu dowództw, sztabów i      jednostek wojskowych na wszystkich szczeblach dowodzenia (zarządzania),    4) przyczyniły się do popularyzacji dziejów i tradycji Wojska Polskiego      na arenie międzynarodowej."
1996_140_1,"Kto nadaje medal ""Siły Zbrojne w Służbie Ojczyzny""?",False,"1. Ustanawia się Medal ""Siły Zbrojne w Służbie Ojczyzny"", który jest zaszczytnym    wyróżnieniem za długoletnią wzorową służbę lub pracę w     Wojsku Polskim.  2. Medal ""Siły Zbrojne w Służbie Ojczyzny"" dzieli się na trzy stopnie:    I stopień - Złoty Medal ""Siły Zbrojne w Służbie Ojczyzny"",    II stopień - Srebrny Medal ""Siły Zbrojne w Służbie Ojczyzny"",    III stopień - Brązowy Medal ""Siły Zbrojne w Służbie Ojczyzny""."
1996_140_2,"Kto nadaje medal ""Siły Zbrojne w Służbie Ojczyzny""?",False,"1. Medal ""Siły Zbrojne w Służbie Ojczyzny"" może być nadany żołnierzowi     zawodowemu lub pracownikowi wojska, który wzorowo przesłużył w zawodowej    służbie wojskowej lub przepracował w Wojsku Polskim odpowiednio    co najmniej - dwadzieścia pięć, piętnaście lub pięć lat.  2. Medal ""Siły Zbrojne w Służbie Ojczyzny"" tego samego stopnia może być     nadany tej samej osobie tylko jeden raz. Osobie wyróżnionej Medalem ""Siły    Zbrojne w Służbie Ojczyzny"" nie nadaje się tego Medalu w stopniu niższym    od posiadanego."
1997_553_152,"Na jaki okres może zostać pozbawiona wolności osoba, która bez zgody kobiety ciężarnej przerywa jej ciąże?",False,"§ 1. Kto za zgodą kobiety przerywa jej ciążę z naruszeniem przepisów ustawy,         podlega karze pozbawienia wolności do lat 3.  § 2. Tej samej karze podlega, kto udziela kobiecie ciężarnej pomocy w       przerwaniu ciąży z naruszeniem przepisów ustawy lub ją do tego nakłania.  § 3. Kto dopuszcza się czynu określonego w § 1 lub 2, gdy płód osiągnął       zdolność do samodzielnego życia poza organizmem kobiety ciężarnej,         podlega karze pozbawienia wolności od 6 miesięcy do lat 8."
1997_553_201,"Na jaki okres może zostać pozbawiona wolności osoba, która bez zgody kobiety ciężarnej przerywa jej ciąże?",False,"Kto dopuszcza się obcowania płciowego w stosunku do wstępnego, zstępnego,  przysposobionego, przysposabiającego, brata lub siostry,          podlega karze pozbawienia wolności od 3 miesięcy do lat 5."
1997_553_152,"Na jaki okres może zostać pozbawiona wolności osoba, która bez zgody kobiety ciężarnej przerywa jej ciąże?",False,"§ 1. Kto za zgodą kobiety przerywa jej ciążę z naruszeniem przepisów ustawy,         podlega karze pozbawienia wolności do lat 3.  § 2. Tej samej karze podlega, kto udziela kobiecie ciężarnej pomocy w       przerwaniu ciąży z naruszeniem przepisów ustawy lub ją do tego nakłania.  § 3. Kto dopuszcza się czynu określonego w § 1 lub 2, gdy płód osiągnął       zdolność do samodzielnego życia poza organizmem kobiety ciężarnej,         podlega karze pozbawienia wolności od 6 miesięcy do lat 8."
1997_553_154,"Na jaki okres może zostać pozbawiona wolności osoba, która bez zgody kobiety ciężarnej przerywa jej ciąże?",False,"§ 1. Jeżeli następstwem czynu określonego w art. 152 § 1 lub 2, jest śmierć       kobiety ciężarnej, sprawca          podlega karze pozbawienia wolności od roku do lat 10.  § 2. Jeżeli następstwem czynu określonego w art. 152 § 3 lub w art. 153, jest       śmierć kobiety ciężarnej, sprawca         podlega karze pozbawienia wolności od lat 2 do 12."
1997_553_199,Co grozi za obcowanie płciowe z rodzeństwem?,False,"Kto, przez nadużycie stosunku zależności lub wykorzystanie krytycznego położenia, doprowadza inną osobę do obcowania płciowego lub do poddania się  innej czynności seksualnej albo do wykonania takiej czynności,         podlega karze pozbawienia wolności do lat 3."
1997_553_197,Co grozi za obcowanie płciowe z rodzeństwem?,False,"§ 1. Kto przemocą, groźbą bezprawną lub podstępem doprowadza inną       osobę do obcowania płciowego,         podlega karze pozbawienia wolności od roku do lat 10.  § 2. Jeżeli sprawca, w sposób określony w § 1, doprowadza inną osobę do       poddania się innej czynności seksualnej albo wykonania takiej czynności,         podlega karze pozbawienia wolności od 3 miesięcy do lat 5.  § 3. Jeżeli sprawca dopuszcza się zgwałcenia określonego w § 1 lub 2, działając      ze szczególnym okrucieństwem lub wspólnie z inną osobą,         podlega karze pozbawienia wolności od lat 2 do 12."
2004_1208_31a,Co grozi za obcowanie płciowe z rodzeństwem?,False,"Dostęp do informacji służących zapewnieniu bezpieczeństwa muzealiom ze względu na ochronę przed zagrożeniem pożarowym, kradzieżą i innego rodzaju niebezpieczeństwem, które grozi zniszczeniem lub utratą zbiorów, podlega ograniczeniu.”."
2000_1156_27,Co grozi za obcowanie płciowe z rodzeństwem?,False,"1. Statek oraz jednostka pływająca Straży Granicznej i Policji obowiązane są   przestrzegać zasad bezpieczeństwa żeglugi określonych postanowieniami   rozdziału V Konwencji SOLAS. 2. Kapitan statku znajdującego się w morzu obowiązany jest w szczególności:    1) skutecznie, za pomocą dostępnych środków łączności, przekazywać statkom      znajdującym się w pobliżu, a także właściwym władzom państwa nadbrzeżnego      ostrzeżenia nawigacyjne o zauważonych niebezpieczeństwach dla żeglugi,    2) po otrzymaniu z jakiegokolwiek źródła wiadomości, że statkowi, statkowi      powietrznemu lub pochodzącym z nich środkom ratunkowym grozi      niebezpieczeństwo - postępować zgodnie z postanowieniami konwencji, o      której mowa w ust. 1, oraz konwencji, o której mowa w art. 40."
1997_553_281,Co grozi za obcowanie płciowe z rodzeństwem?,False,"Kto, w celu utrzymania się w posiadaniu zabranej rzeczy, bezpośrednio po dokonaniu kradzieży, używa przemocy wobec osoby lub  grozi natychmiastowym  jej użyciem albo doprowadza człowieka do stanu nieprzytomności lub bezbronności,         podlega karze pozbawienia wolności od roku do lat 10."
2003_1750_131,Czy żółnieżowi pełniącemu służbę kandydacką przysługuje bezpłatne świadczenie zdrowotne w przypadku ogłoszenia mobilizacji?,False,"Żołnierze pełniący służbę kandydacką otrzymują umundurowanie, wyekwipowanie i uzbrojenie oraz  - w określonych przypadkach - wyżywienie; przepis art. 66 ust. 2 i 3 stosuje się odpowiednio."
2003_1750_111,Czy żółnieżowi pełniącemu służbę kandydacką przysługuje bezpłatne świadczenie zdrowotne w przypadku ogłoszenia mobilizacji?,False,"Żołnierza zawodowego zwalnia się z zawodowej służby wojskowej wskutek:    1) zrzeczenia się obywatelstwa polskiego lub nabycia obywatelstwa innego      państwa;    2) wybrania na posła, senatora, na kierownicze stanowisko państwowe      obsadzane na podstawie wyboru oraz do organów wykonawczych samorządu      terytorialnego;    3) ustalenia przez wojskową komisję lekarską niezdolności do służby;    4) odmowy przyjęcia skierowania do wojskowej komisji lekarskiej lub      nieusprawiedliwionego niezgłoszenia się do tej komisji w określonym      terminie i miejscu albo niepoddania się badaniom, do których został      zobowiązany przez komisję lekarską;    5) osiągnięcia wieku sześćdziesięciu lat;    6) otrzymania niedostatecznej ogólnej oceny w okresowej opinii służbowej;    7) odmowy pełnienia służby na równorzędnym lub wyższym stanowisku służbowym,      w razie zwolnienia z zajmowanego stanowiska, w przypadkach, o których mowa      w art. 45 ust. 1-3;    8) upływu czasu określonego w kontrakcie, jeżeli nie nastąpi zawarcie      kolejnego kontraktu;    9) upływu terminu wypowiedzenia stosunku służbowego zawodowej służby      wojskowej dokonanego przez:      a) żołnierza zawodowego,      b) właściwy organ;   10) niewyznaczenia na stanowisko służbowe w czasie pozostawania w rezerwie      kadrowej;   11) utraty stopnia wojskowego albo degradacji;   12) prawomocnego orzeczenia o wymierzeniu kary dyscyplinarnej usunięcia z      zawodowej służby wojskowej;   13) prawomocnego orzeczenia środków karnych pozbawienia praw publicznych,      wydalenia z zawodowej służby wojskowej lub zakazu wykonywania zawodu      ?ołnierza zawodowego;   14) skazania prawomocnym wyrokiem sądu na karę pozbawienia wolności (aresztu      wojskowego) bez warunkowego zawieszenia jej wykonania;   15) prawomocnego ukarania przez organ właściwego samorządu zawodowego karą      zawieszenia lub pozbawienia prawa wykonywania zawodu (specjalności      zawodowej);   16) nieobecności w służbie jednorazowo przez okres trzech dni roboczych,      która nie została usprawiedliwiona."
2003_2276_29,Czy żółnieżowi pełniącemu służbę kandydacką przysługuje bezpłatne świadczenie zdrowotne w przypadku ogłoszenia mobilizacji?,False,"Karę ostrzeżenia o niepełnej przydatności na zajmowanym stanowisku służbowym wymierza się przez wytknięcie żołnierzowi przewinienia dyscyplinarnego, jakiego się dopuścił, oraz ostrzeżenie, że kolejne rażące naruszenie dyscypliny wojskowej może skutkować wymierzeniem surowszej kary dyscyplinarnej, w szczególności kary odwołania z zajmowanego stanowiska służbowego."
2003_1750_149,Czy żółnieżowi pełniącemu służbę kandydacką przysługuje bezpłatne świadczenie zdrowotne w przypadku ogłoszenia mobilizacji?,False,"1. W razie ogłoszenia mobilizacji, ogłoszenia stanu wojennego i w czasie wojny   żołnierzowi zawodowemu i żołnierzowi pełniącemu służbę kandydacką może być   udzielony urlop:    1) okolicznościowy - w wymiarze jednorazowo do piętnastu dni kalendarzowych;    2) zdrowotny - w wymiarze określonym przez wojskową komisję lekarską;    3) w drodze wyróżnienia - w wymiarze i na podstawie przepisów o dyscyplinie      wojskowej. 2. Urlopu, o którym mowa w ust. 1, udziela dowódca jednostki wojskowej. 3. Żołnierzowi zawodowemu i żołnierzowi pełniącemu służbę kandydacką udającemu   się na urlop, przysługuje prawo do bezpłatnego przejazdu do wybranej   miejscowości w kraju i z powrotem. 4. Odwołanie żołnierza zawodowego i żołnierza pełniącego służbę kandydacką z   urlopu przez dowódcę jednostki wojskowej może nastąpić w każdym czasie,   jeżeli przemawiają za tym ważne względy służbowe. 5. Minister Obrony Narodowej określi, w drodze rozporządzenia, szczegółowe   warunki i tryb udzielania oraz odwoływania z urlopów, o których mowa w ust.   1, z uwzględnieniem sposobu postępowania w przypadku odwołania z urlopu   żołnierza zawodowego lub żołnierza pełniącego służbę kandydacką."
2003_1750_155,Czy żółnieżowi pełniącemu służbę kandydacką przysługuje bezpłatne świadczenie zdrowotne w przypadku ogłoszenia mobilizacji?,False,"1. Żołnierza zawodowego i żołnierza pełniącego służbę kandydacką w razie   ogłoszenia mobilizacji, ogłoszenia stanu wojennego i w czasie wojny zwalnia   się z zawodowej służby wojskowej lub ze służby kandydackiej decyzją wydaną   przez organ uprawniony do wyznaczenia na stanowisko służbowe. 2. Decyzję, o której mowa w ust. 1, doręcza się żołnierzowi zawodowemu lub   żołnierzowi pełniącemu służbę kandydacką wraz z opinią specjalną. 3. Minister Obrony Narodowej określi, w drodze rozporządzenia, szczegółowe   warunki i tryb zwalniania żołnierzy z zawodowej służby wojskowej i służby   kandydackiej w razie ogłoszenia mobilizacji, ogłoszenia stanu wojennego i w   czasie wojny. Rozporządzenie powinno w szczególności uwzględnić   dwuinstancyjny tryb postępowania w tych sprawach, tryb zwalniania żołnierzy z   zawodowej służby wojskowej lub służby kandydackiej, a także tryb przenoszenia   do dalszego pełnienia czynnej służby wojskowej w razie ogłoszenia   mobilizacji, ogłoszenia stanu wojennego i w czasie wojny na zasadach   określonych w przepisach ustawy z dnia 21 listopada 1967 r. o powszechnym   obowiązku obrony Rzeczypospolitej Polskiej."
2001_1545_211,Jaką karę można otrzymać za nielegalne prowadzenie przedsiębiorstwa maklerskiego?,False,"§ 1. Za pośredniczenie w zawarciu umowy należy się maklerowi wynagrodzenie      (prowizja) tylko wówczas, gdy umowa została zawarta wskutek jego zabiegów.  § 2. Wysokość wynagrodzenia maklera określa umowa, a w jej braku należy się      maklerowi wynagrodzenie w wysokości przyjętej w stosunkach danego rodzaju."
1997_933_149,Jaką karę można otrzymać za nielegalne prowadzenie przedsiębiorstwa maklerskiego?,False,"Kto bez wymaganego zezwolenia prowadzi działalność, której przedmiotem  jest lokowanie środków pieniężnych zebranych publicznie w papiery wartościowe i inne prawa majątkowe,            podlega karze pozbawienia wolności do 5 lat lub grzywny do               5 000 000 zł.                                                                    Rozdział 13               Przepisy przejściowe, zmieniające i końcowe"
2002_1070_123,Jaką karę można otrzymać za nielegalne prowadzenie przedsiębiorstwa maklerskiego?,False,"1.   Za popełnione przewinienie dyscyplinarne można wymierzyć tylko jedną karę dyscyplinarną. 2.   Za popełnienie kilku przewinień dyscyplinarnych można wymierzyć jedną karę dyscyplinarną, odpowiednio surowszą."
1997_944_31,Jaką karę można otrzymać za nielegalne prowadzenie przedsiębiorstwa maklerskiego?,False,1. Za popełnione przewinienie dyscyplinarne można wymierzyć tylko jedną karę     dyscyplinarną.  2. Za popełnienie kilku przewinień dyscyplinarnych można wymierzyć jedną karę     dyscyplinarną odpowiednio surowszą.  3. Niezależnie od liczby przewinień dyscyplinarnych można zastosować jeden lub     więcej środków dyscyplinarnych.
2000_1099_47,Jaką karę można otrzymać za nielegalne prowadzenie przedsiębiorstwa maklerskiego?,False,"1. Zakazane jest:    1) posiadanie akcji więcej niż jednego towarowego domu maklerskiego,    2) posiadanie przez towarowy dom maklerski akcji innego towarowego domu      maklerskiego. 2. Naruszenie zakazu określonego w ust. 1 powoduje obowiązek zbycia w ciągu 6   miesięcy, licząc od dnia dokonania takiego naruszenia, akcji jednego z   towarowych domów maklerskich. Do czasu zbycia akcji nie można wykonywać prawa   głosu z posiadanych akcji. 3. Nie stanowi naruszenia zakazu określonego w ust. 1:    1) nabycie lub objęcie akcji dokonywane w przypadku łączenia się towarowych      domów maklerskich,    2) nabycie lub objęcie dopuszczonych do publicznego obrotu akcji towarowego      domu maklerskiego, o ile podmiotem nabywającym nie jest towarowy dom      maklerski."
1997_739_5,Kogo można nazwać cudzoziemcem?,False,"Cudzoziemiec może przekroczyć granicę oraz przebywać na terytorium Rzeczypospolitej Polskiej, jeżeli posiada ważny dokument paszportowy oraz wizę,  o ile przepisy niniejszej ustawy nie stanowią inaczej."
1997_739_25,Kogo można nazwać cudzoziemcem?,False,"Cudzoziemiec podczas pobytu na terytorium Rzeczypospolitej Polskiej ma takie same prawa i obowiązki jak obywatel polski, o ile przepisy niniejszej ustawy lub innych ustaw nie stanowią inaczej."
1997_739_17,Kogo można nazwać cudzoziemcem?,False,"Zezwolenia, o którym mowa w art. 16 pkt 1, można udzielić, jeżeli cudzoziemiec wykaże, że zachodzą okoliczności uzasadniające jego zamieszkiwanie na  terytorium Rzeczypospolitej Polskiej przez okres dłuższy niż 12 miesięcy. Okolicznościami takimi mogą być w szczególności:    1) uzyskanie zezwolenia na zatrudnienie lub wykonywanie innej pracy zarobkowej,    2) prowadzenie działalności gospodarczej,    3) podjęcie nauki,    4) zawarcie związku małżeńskiego z obywatelem polskim albo cudzoziemcem      posiadającym zezwolenie na osiedlenie się."
2000_985_33,Kogo można nazwać cudzoziemcem?,False,"Wszelkie plakaty, hasła lub ulotki dotyczące referendum, które zawierają wyraźne oznaczenie od kogo pochodzą, bądź stwierdzające przez kogo są rozplakatowane, podlegają ochronie prawnej."
2001_1371_72,"Kto powinien dokonywać badań ciała, jeżeli może ono wywoływać uczucie wstydu?",False,"Kontrolowany jest obowiązany umożliwić inspektorowi dokonanie czynności kontrolnych, a w szczególności:    1) udzielić ustnych lub pisemnych wyjaśnień, okazać dokumenty lub inne      nośniki informacji oraz udostępnić dane mające związek z przedmiotem      kontroli,    2) udostępnić pojazd, obiekt lub lokal, w których badanie wchodzi w zakres      kontroli określonych przepisami ustawy,    3) umożliwić sporządzenie kopii dokumentów wskazanych przez kontrolującego,    4) umożliwić sporządzenie dokumentacji filmowej lub fotograficznej, jeżeli      może ona stanowić dowód lub przyczynić się do utrwalenia dowodu w sprawie      będącej przedmiotem kontroli."
2004_287_28,"Kto powinien dokonywać badań ciała, jeżeli może ono wywoływać uczucie wstydu?",False,"1. Organy Inspekcji kontrolują wydane świadectwa zdrowia. 2. Jeżeli zachodzi podejrzenie, że wystawiający świadectwo przerobił lub   sfałszował świadectwo zdrowia, organ Inspekcji sprawujący nad nim nadzór może   zawiesić go w czynnościach do czasu zakończenia postępowania karnego w tej   sprawie."
1997_555_16,"Kto powinien dokonywać badań ciała, jeżeli może ono wywoływać uczucie wstydu?",False,"§ 1. Jeżeli organ prowadzący postępowanie jest obowiązany pouczyć uczestników      postępowania o ciążących obowiązkach i o przysługujących im       uprawnieniach, brak takiego pouczenia lub mylne pouczenie nie może       wywoływać ujemnych skutków procesowych dla uczestnika postępowania      lub innej osoby, której to dotyczy.  § 2. Organ prowadzący postępowanie powinien ponadto w miarę potrzeby       udzielać uczestnikom postępowania informacji o ciążących obowiązkach       i o przysługujących im uprawnieniach także w wypadkach, gdy ustawa       wyraźnie takiego obowiązku nie stanowi. W razie braku takiego pouczenia,      gdy w świetle okoliczności sprawy było ono nieodzowne, albo       mylnego pouczenia, stosuje się odpowiednio § 1."
1997_553_157,"Kto powinien dokonywać badań ciała, jeżeli może ono wywoływać uczucie wstydu?",False,"§ 1. Kto powoduje naruszenie czynności narządu ciała lub rozstrój zdrowia,       inny niż określony w art. 156 § 1,         podlega karze pozbawienia wolności od 3 miesięcy do lat 5.  § 2. Kto powoduje naruszenie czynności narządu ciała lub rozstrój zdrowia       trwający nie dłużej niż 7 dni,         podlega grzywnie, karze ograniczenia wolności albo pozbawienia           wolności do lat 2.  § 3. Jeżeli sprawca czynu określonego w § 1 lub 2 działa nieumyślnie,         podlega grzywnie, karze ograniczenia wolności albo pozbawienia           wolności do roku.  § 4. Ściganie przestępstwa określonego w § 2 lub 3, jeżeli naruszenie czynności      narządu ciała lub rozstrój zdrowia nie trwał dłużej niż 7 dni, odbywa      się z oskarżenia prywatnego.  § 5. Jeżeli naruszenie czynności narządu ciała lub rozstrój zdrowia trwał       dłużej niż 7 dni, a pokrzywdzonym jest osoba najbliższa, ściganie przestępstwa      określonego w § 3 następuje na jej wniosek."
